,shannon,study_name
SAMD00114952,9.167175321177563,YachidaS_2019
CCIS02856720ST-4-0,9.258103171181862,ZellerG_2014
SAMD00164695,9.325775654606714,YachidaS_2019
MG100173,9.132623238648081,HanniganGD_2017
MMRS72802364ST-27-0-0,9.278012379530313,VogtmannE_2016
GupDM_JL,9.315588035594354,GuptaA_2019
MG100158,9.277258469356308,HanniganGD_2017
CCMD25511638ST-21-0,9.260152580773054,WirbelJ_2018
SAMD00114761,9.293661940832846,YachidaS_2019
SAMD00114796,9.256229773101134,YachidaS_2019
SAMD00164901,9.255334980615892,YachidaS_2019
SAMD00164971,9.205804113258322,YachidaS_2019
CCIS03857607ST-4-0,9.205636589029545,ZellerG_2014
SID31723,9.327051256080935,FengQ_2015
SAMD00114728,9.259993634533124,YachidaS_2019
MMRS91297590ST-27-0-0,9.322792539534259,VogtmannE_2016
SAMD00114835,9.26706602739879,YachidaS_2019
CCIS11015875ST-4-0,9.301490902454589,ZellerG_2014
SZAXPI015238-24,9.279634176988381,YuJ_2015
CCIS78318719ST-4-0,9.195704266478057,ZellerG_2014
SAMD00165016,9.234284835679295,YachidaS_2019
MMRS81671217ST-27-0-0,9.24778210667799,VogtmannE_2016
MMRS17603756ST-27-0-0,9.261862780475258,VogtmannE_2016
SAMD00114860,9.225257645802179,YachidaS_2019
SAMD00114727,9.339894767407486,YachidaS_2019
CCMD42956136ST-11-0,9.308753451561302,WirbelJ_2018
SAMD00164721,9.295269395314516,YachidaS_2019
SAMD00114749,9.253050523924149,YachidaS_2019
SAMD00164877,9.25423073307479,YachidaS_2019
SAMD00114895,9.306390025353997,YachidaS_2019
MG100156,9.258540332062573,HanniganGD_2017
SAMD00164985,9.149814599667268,YachidaS_2019
SAMD00114965,9.272488510274517,YachidaS_2019
SZAXPI003421-5,9.28482671639492,YuJ_2015
MG100148,9.257905912632848,HanniganGD_2017
SAMD00114789,9.310938860673383,YachidaS_2019
SZAXPI003434-7,9.147229712187945,YuJ_2015
SAMD00114794,9.275021711743333,YachidaS_2019
SAMD00164960,9.172359191550141,YachidaS_2019
SZAXPI017451-16,9.254513325920206,YuJ_2015
MMRS25641480ST-27-0-0,9.188006126745401,VogtmannE_2016
SAMD00164962,9.263734199464386,YachidaS_2019
SID31878,9.25643567813012,FengQ_2015
SAMD00114759,9.217957622163032,YachidaS_2019
CCMD89306485ST-11-0,9.272141452727906,WirbelJ_2018
SAMD00165004,9.333898736277561,YachidaS_2019
CCIS87252800ST-4-0,9.24271303271673,ZellerG_2014
MMRS39415781ST-27-0-0,9.261522109256587,VogtmannE_2016
MMRS99045180ST-27-0-0,9.279468732961917,VogtmannE_2016
SAMD00164836,9.178511137915079,YachidaS_2019
SAMD00164956,9.206306789535668,YachidaS_2019
CCIS10706551ST-3-0,9.253835045642473,ZellerG_2014
SAMD00164861,9.24546271050626,YachidaS_2019
SAMD00114773,9.342491494775903,YachidaS_2019
SAMD00114873,9.153642339320761,YachidaS_2019
SAMD00164803,9.242441386365122,YachidaS_2019
MMRS51737257ST-27-0-0,9.229696628763827,VogtmannE_2016
SAMD00115022,9.270579454403862,YachidaS_2019
SID530074,9.184911829775592,FengQ_2015
CCIS33816588ST-4-0,9.218648619444355,ZellerG_2014
SAMD00165020,9.211856268234925,YachidaS_2019
SAMD00114798,9.180103821928654,YachidaS_2019
CCMD85481373ST-11-0,9.298310834388829,WirbelJ_2018
SAMD00114776,9.332731415281591,YachidaS_2019
SAMD00114979,9.26807337270072,YachidaS_2019
CCMD31009081ST-11-0,9.265135843620142,WirbelJ_2018
SAMD00164826,9.265504724292342,YachidaS_2019
MMRS16644320ST-27-0-0,9.229904978452597,VogtmannE_2016
CCIS07277498ST-4-0,9.264625332450361,ZellerG_2014
SAMD00164873,9.28912831394631,YachidaS_2019
SAMD00114819,9.21929171001048,YachidaS_2019
MMRS77018926ST-27-0-0,9.242115041573085,VogtmannE_2016
SZAXPI015264-87,9.23010862572012,YuJ_2015
CCMD42428553ST-21-0,9.261313675863736,WirbelJ_2018
MG100170,9.251580558310902,HanniganGD_2017
SAMD00114765,9.293225353370122,YachidaS_2019
SAMD00114906,9.20557862893672,YachidaS_2019
SZAXPI015224-13,9.275015387231376,YuJ_2015
MG100137,9.304047097292074,HanniganGD_2017
SAMD00165017,9.233728949649699,YachidaS_2019
SAMD00164953,9.219538063212246,YachidaS_2019
MG100129,9.295436309648961,HanniganGD_2017
CCMD92404903ST-11-0,9.243633584145611,WirbelJ_2018
CCMD95431029ST-11-0,9.219520278522733,WirbelJ_2018
CCIS87167916ST-4-0,9.282456863257428,ZellerG_2014
SAMD00164851,9.209028492818105,YachidaS_2019
SAMD00164930,9.163786528293219,YachidaS_2019
GupDM_HR,9.274656654960342,GuptaA_2019
SAMD00114770,9.232140590754145,YachidaS_2019
SAMD00114911,9.241130148548509,YachidaS_2019
MMRS33294861ST-27-0-0,9.234914655872767,VogtmannE_2016
SZAXPI003430-5,9.247368306723253,YuJ_2015
SAMD00114963,9.227430984099618,YachidaS_2019
MG100139,9.191484745708069,HanniganGD_2017
SAMD00164849,9.290261606886101,YachidaS_2019
SAMD00114810,9.305042434766998,YachidaS_2019
CCMD51228890ST-11-0,9.219265355089082,WirbelJ_2018
SID530177,9.279905225425416,FengQ_2015
SAMD00114738,9.256985683660588,YachidaS_2019
CCMD13934959ST-21-0,9.167486042833776,WirbelJ_2018
SZAXPI003437-3,9.207828899074658,YuJ_2015
GupDM_JP,9.321541497483217,GuptaA_2019
MG100159,9.26951740476455,HanniganGD_2017
SZAXPI003413-4,9.22345250615357,YuJ_2015
GupDM_A8,9.272300089002826,GuptaA_2019
CCMD99929634ST-11-0,9.23250760991968,WirbelJ_2018
SAMD00114888,9.180646083643815,YachidaS_2019
SAMD00114953,9.215201257497302,YachidaS_2019
SAMD00114782,9.28081009272634,YachidaS_2019
SAMD00164769,9.239089676420015,YachidaS_2019
SAMD00164944,9.263972676868217,YachidaS_2019
CCMD88272491ST-21-0,9.221304952076823,WirbelJ_2018
CCIS41222843ST-4-0,9.342635054691858,ZellerG_2014
CCMD30626189ST-11-0,9.203293120568805,WirbelJ_2018
SZAXPI017452-17,9.261542419933464,YuJ_2015
SAMD00114836,9.168295141995921,YachidaS_2019
SAMD00164806,9.245464255671283,YachidaS_2019
CCIS63910149ST-4-0,9.117733481961931,ZellerG_2014
CCMD93755960ST-11-0,9.286099713587605,WirbelJ_2018
CCMD41202658ST-11-0,9.191431772329896,WirbelJ_2018
SAMD00114869,9.290565099232468,YachidaS_2019
SAMD00114813,9.22225540508739,YachidaS_2019
SAMD00114795,9.202728833316462,YachidaS_2019
SAMD00165010,9.196561840597864,YachidaS_2019
SID31021,9.16686110698898,FengQ_2015
SZAXPI017457-24,9.194371504548508,YuJ_2015
SAMD00114785,9.156947743927562,YachidaS_2019
GupDM_JN,9.250312697954852,GuptaA_2019
MG100179,9.195476806357467,HanniganGD_2017
SAMD00164862,9.278447847299313,YachidaS_2019
CCIS11362406ST-4-0,9.252368802975063,ZellerG_2014
SAMD00114917,9.170225309902735,YachidaS_2019
SID531414,9.308792008872741,FengQ_2015
SID31223,9.308177116306416,FengQ_2015
MG100150,9.300645834658248,HanniganGD_2017
SAMD00114997,9.221473065029839,YachidaS_2019
SAMD00165005,9.276573149016288,YachidaS_2019
SZAXPI017590-136,9.302030649072407,YuJ_2015
MMRS31306426ST-27-0-0,9.296919230630909,VogtmannE_2016
SAMD00114807,9.245824514389192,YachidaS_2019
SAMD00164916,9.266820050422687,YachidaS_2019
SAMD00114984,9.137928138698777,YachidaS_2019
SAMD00114816,9.314058031224938,YachidaS_2019
CCMD53508245ST-11-0,9.260385040910545,WirbelJ_2018
MG100130,9.284591958540716,HanniganGD_2017
CCIS03473770ST-4-0,9.230768530785031,ZellerG_2014
CCIS45571137ST-3-0,9.19840997852179,ZellerG_2014
GupDM_A14,9.22605043728514,GuptaA_2019
SID31452,9.24972125496671,FengQ_2015
GupDM_HCR,9.26898722377139,GuptaA_2019
SAMD00164833,9.162732121896976,YachidaS_2019
GupDM_HAK,9.225012801207452,GuptaA_2019
SAMD00114958,9.36050598107143,YachidaS_2019
MG100180,9.273720365368183,HanniganGD_2017
SAMD00164829,9.249947509445139,YachidaS_2019
MMRS25211151ST-27-0-0,9.218457997925569,VogtmannE_2016
SAMD00114940,9.201631602969364,YachidaS_2019
MMRS57276462ST-27-0-0,9.320148807583479,VogtmannE_2016
GupDM_HAG,9.298299081232038,GuptaA_2019
SZAXPI003432-12,9.26341539728589,YuJ_2015
CCMD37575804ST-11-0,9.225817898140852,WirbelJ_2018
CCIS61287323ST-4-0,9.26916756478159,ZellerG_2014
MMRS86178473ST-27-0-0,9.28353558226009,VogtmannE_2016
SAMD00114737,9.286937573634422,YachidaS_2019
SAMD00164842,9.271674505001512,YachidaS_2019
CCMD71915439ST-11-0,9.23030198769252,WirbelJ_2018
SAMD00164992,9.289833311666037,YachidaS_2019
SAMD00114975,9.242446758355538,YachidaS_2019
MMRS21365932ST-27-0-0,9.216187119758548,VogtmannE_2016
SAMD00165008,9.331073768555958,YachidaS_2019
SZAXPI003424-12,9.2849598221308,YuJ_2015
SID531274,9.197489499898518,FengQ_2015
CCIS80834637ST-4-0,9.287676413353628,ZellerG_2014
SAMD00114909,9.203188425941443,YachidaS_2019
CCMD49942357ST-11-0,9.290580949118077,WirbelJ_2018
SAMD00114771,9.326690422777519,YachidaS_2019
SID31519,9.21931685132081,FengQ_2015
SAMD00164955,9.234150022329414,YachidaS_2019
SAMD00114900,9.194966210424694,YachidaS_2019
SAMD00115002,9.270286083797796,YachidaS_2019
CCIS27927933ST-4-0,9.210051685785915,ZellerG_2014
SAMD00114905,9.200807143492982,YachidaS_2019
CCMD49025643ST-11-0,9.241674070941412,WirbelJ_2018
SAMD00164880,9.301769447149734,YachidaS_2019
MMRS66868025ST-27-0-0,9.178212348957128,VogtmannE_2016
SAMD00114832,9.240988750841904,YachidaS_2019
GupDM_A1,9.244093754147015,GuptaA_2019
MMRS62666492ST-27-0-0,9.233912830725622,VogtmannE_2016
SAMD00114774,9.288980567009645,YachidaS_2019
SID530394,9.26208886486567,FengQ_2015
SAMD00114942,9.219863812361513,YachidaS_2019
SAMD00114740,9.283918158470414,YachidaS_2019
SAMD00114733,9.19744984262952,YachidaS_2019
SZAXPI015219-129,9.229994242402997,YuJ_2015
CCMD87156761ST-21-0,9.211163468168742,WirbelJ_2018
MMRS79893829ST-27-0-0,9.296985405596743,VogtmannE_2016
MMRS51410669ST-27-0-0,9.236052373907782,VogtmannE_2016
SAMD00114723,9.253397098413041,YachidaS_2019
SAMD00114945,9.225680338238352,YachidaS_2019
SZAXPI015234-20,9.228946950061703,YuJ_2015
MMRS54246132ST-27-0-0,9.202746940322339,VogtmannE_2016
SAMD00114878,9.216979448664185,YachidaS_2019
CCMD72895164ST-21-0,9.287933389564222,WirbelJ_2018
CCIS78100604ST-4-0,9.22109932157243,ZellerG_2014
CCIS77252613ST-4-0,9.194858110507388,ZellerG_2014
MG100161,9.266381265621556,HanniganGD_2017
SAMD00164839,9.267980208032839,YachidaS_2019
SAMD00164898,9.218924202778984,YachidaS_2019
SID31267,9.216668508589482,FengQ_2015
SAMD00115003,9.21640846600433,YachidaS_2019
SAMD00165001,9.243151199432694,YachidaS_2019
SZAXPI015270-90,9.301933575698484,YuJ_2015
SAMD00164841,9.218430981613023,YachidaS_2019
SAMD00164885,9.240998822406999,YachidaS_2019
MG100169,9.31814138132523,HanniganGD_2017
CCMD30627121ST-11-0,9.317300286263455,WirbelJ_2018
SAMD00115009,9.283939823972046,YachidaS_2019
CCMD18872694ST-21-0,9.269543051241069,WirbelJ_2018
SAMD00114857,9.199436518858302,YachidaS_2019
MG100154,9.176107623454813,HanniganGD_2017
SID531469,9.217946881810743,FengQ_2015
CCMD25475945ST-11-0,9.232850287408244,WirbelJ_2018
SAMD00165032,9.236253974800233,YachidaS_2019
CCIS50148151ST-4-0,9.240708850812219,ZellerG_2014
CCIS05314658ST-4-0,9.129891872277545,ZellerG_2014
CCMD46727384ST-11-0,9.273107117069337,WirbelJ_2018
SAMD00114960,9.317167707117253,YachidaS_2019
CCIS32452666ST-4-0,9.186844543655667,ZellerG_2014
SAMD00114783,9.285058404808183,YachidaS_2019
CCMD95676152ST-11-0,9.233907345192925,WirbelJ_2018
SAMD00164933,9.221650284946433,YachidaS_2019
CCMD46947453ST-21-0,9.235358443924227,WirbelJ_2018
MG100153,9.295325434681464,HanniganGD_2017
SZAXPI015246-34,9.26766191685962,YuJ_2015
SZAXPI017456-23,9.272756361320523,YuJ_2015
SAMD00114882,9.29980827702982,YachidaS_2019
SAMD00164947,9.24154226923777,YachidaS_2019
CCIS87116798ST-4-0,9.241091942956276,ZellerG_2014
SAMD00114806,9.284814688674317,YachidaS_2019
SAMD00114922,9.246642561925725,YachidaS_2019
MMRS81135225ST-27-0-0,9.291954405434652,VogtmannE_2016
CCMD32288175ST-11-0,9.234999908784504,WirbelJ_2018
SAMD00114750,9.301480780360352,YachidaS_2019
CCIS16383318ST-4-0,9.307154428007625,ZellerG_2014
SAMD00164934,9.187415538085038,YachidaS_2019
MG100172,9.272156801771272,HanniganGD_2017
GupDM_JG,9.203383672112874,GuptaA_2019
SZAXPI015258-57,9.235801653079667,YuJ_2015
CCMD29706695ST-11-0,9.225559176490323,WirbelJ_2018
CCMD59583015ST-11-0,9.297875757227978,WirbelJ_2018
SAMD00115010,9.326814309134075,YachidaS_2019
SAMD00114743,9.235245992848448,YachidaS_2019
SAMD00115000,9.233083482173983,YachidaS_2019
SAMD00164888,9.223230556808499,YachidaS_2019
SAMD00115029,9.283181793290916,YachidaS_2019
MMRS34525504ST-27-0-0,9.30198870540943,VogtmannE_2016
SAMD00114732,9.22333093409839,YachidaS_2019
SAMD00164850,9.135109629842463,YachidaS_2019
SAMD00114754,9.204966020117363,YachidaS_2019
CCIS81139242ST-4-0,9.249295536672731,ZellerG_2014
MG100152,9.314316861463388,HanniganGD_2017
SAMD00114870,9.281170566714792,YachidaS_2019
SAMD00164805,9.257313327865557,YachidaS_2019
SAMD00165027,9.294270140050267,YachidaS_2019
SZAXPI017454-20,9.259863787842113,YuJ_2015
CCIS44093303ST-4-0,9.170107045395698,ZellerG_2014
SZAXPI015259-62,9.221876983868723,YuJ_2015
MMRS85548821ST-27-0-0,9.236237212505134,VogtmannE_2016
SAMD00115020,9.257112262362918,YachidaS_2019
MMRS57569834ST-27-0-0,9.214419805164377,VogtmannE_2016
SAMD00114944,9.26517002575108,YachidaS_2019
CCMD98702133ST-11-0,9.287181507863469,WirbelJ_2018
MMRS84159866ST-27-0-0,9.20155393529276,VogtmannE_2016
SAMD00114972,9.31349675260976,YachidaS_2019
SAMD00165026,9.207797178934094,YachidaS_2019
SAMD00115008,9.251762394894506,YachidaS_2019
CCMD63399960ST-21-0,9.197625931365963,WirbelJ_2018
CCIS22416007ST-4-0,9.22405337294603,ZellerG_2014
CCIS45793747ST-4-0,9.223924715044921,ZellerG_2014
SAMD00164819,9.29582918647413,YachidaS_2019
SAMD00164952,9.245890334638455,YachidaS_2019
SAMD00164905,9.2672527189514,YachidaS_2019
CCIS02379307ST-4-0,9.214193598254722,ZellerG_2014
CCMD18579000ST-11-0,9.231767486982998,WirbelJ_2018
SAMD00165024,9.266508353020406,YachidaS_2019
CCIS13047523ST-4-0,9.3389962824979,ZellerG_2014
MG100149,9.226717067017674,HanniganGD_2017
SID530258,9.239230414703503,FengQ_2015
MG100175,9.2303725797774,HanniganGD_2017
MMRS17963147ST-27-0-0,9.161225159761623,VogtmannE_2016
CCMD35802077ST-21-0,9.221619402931477,WirbelJ_2018
SAMD00164978,9.25527267961828,YachidaS_2019
SAMD00114837,9.25172557066442,YachidaS_2019
SAMD00114913,9.207589169899077,YachidaS_2019
MG100147,9.188647971785961,HanniganGD_2017
SAMD00114731,9.199853155307105,YachidaS_2019
SZAXPI017458-25,9.250016274870323,YuJ_2015
CCMD10032470ST-11-0,9.264755556068135,WirbelJ_2018
MMRS38954404ST-27-0-0,9.269468674452765,VogtmannE_2016
MMRS96422329ST-27-0-0,9.299390944565038,VogtmannE_2016
MG100176,9.338603426165209,HanniganGD_2017
SAMD00114943,9.285336499589429,YachidaS_2019
SAMD00164825,9.31807170507097,YachidaS_2019
SZAXPI017592-142,9.176692455447027,YuJ_2015
MMRS62192467ST-27-0-0,9.28778599279968,VogtmannE_2016
CCIS50471204ST-4-0,9.328742838453989,ZellerG_2014
SAMD00164860,9.269912912840017,YachidaS_2019
SAMD00164958,9.232232456186416,YachidaS_2019
MG100155,9.230311605648236,HanniganGD_2017
SAMD00164975,9.249738927752766,YachidaS_2019
CCMD15562448ST-11-0,9.251790338797285,WirbelJ_2018
SZAXPI015241-27,9.271864154633251,YuJ_2015
CCMD52145360ST-11-0,9.32575640365999,WirbelJ_2018
SAMD00115026,9.217665360340762,YachidaS_2019
SAMD00114916,9.28737038250659,YachidaS_2019
MMRS54316675ST-27-0-0,9.290594117743726,VogtmannE_2016
MMRS67690541ST-27-0-0,9.241836032740602,VogtmannE_2016
MG100125,9.264713307217756,HanniganGD_2017
SAMD00164840,9.231868923030126,YachidaS_2019
SAMD00114764,9.22422733259064,YachidaS_2019
SZAXPI015235-21,9.215832479802277,YuJ_2015
MMRS92727331ST-27-0-0,9.273595167576277,VogtmannE_2016
MMRS51307502ST-27-0-0,9.283763676581524,VogtmannE_2016
SAMD00114736,9.324970931745877,YachidaS_2019
SAMD00164973,9.315074126393608,YachidaS_2019
CCIS98832363ST-4-0,9.231689844665354,ZellerG_2014
SZAXPI015247-35,9.114469383757672,YuJ_2015
CCMD93344354ST-21-0,9.301153487104656,WirbelJ_2018
SAMD00164904,9.36359512755086,YachidaS_2019
GupDM_JB,9.208260301856312,GuptaA_2019
SAMD00114858,9.269453199810561,YachidaS_2019
SAMD00114803,9.231965036716108,YachidaS_2019
SZAXPI017582-94,9.210014193976058,YuJ_2015
GupDM_HAJ,9.215473453131223,GuptaA_2019
SAMD00164889,9.22804802864658,YachidaS_2019
SAMD00114742,9.24364181808781,YachidaS_2019
SZAXPI003429-3,9.237060394894513,YuJ_2015
SAMD00114935,9.222896848169954,YachidaS_2019
SAMD00114757,9.165195246450189,YachidaS_2019
SZAXPI015231-17,9.314315130787705,YuJ_2015
SAMD00114777,9.250740407424784,YachidaS_2019
CCMD21593359ST-11-0,9.302140646634914,WirbelJ_2018
MMRS67096717ST-27-0-0,9.23642122674501,VogtmannE_2016
CCIS41692898ST-4-0,9.25224046208978,ZellerG_2014
SAMD00164907,9.157221797644072,YachidaS_2019
MMRS97052561ST-27-0-0,9.229998443921465,VogtmannE_2016
SAMD00164961,9.244829515223223,YachidaS_2019
SAMD00114939,9.13396584708072,YachidaS_2019
SZAXPI017465-43,9.239441624178152,YuJ_2015
GupDM_HBR,9.22380190239959,GuptaA_2019
SAMD00114744,9.290228674420328,YachidaS_2019
SAMD00115025,9.276020779618669,YachidaS_2019
SAMD00114914,9.204460497392846,YachidaS_2019
CCIS48174381ST-4-0,9.200854714732552,ZellerG_2014
SAMD00164845,9.24550446297169,YachidaS_2019
SAMD00164939,9.341558695717655,YachidaS_2019
GupDM_HCQ,9.18932489203138,GuptaA_2019
MMRS14379078ST-27-0-0,9.366593886489838,VogtmannE_2016
SAMD00164856,9.32196483585371,YachidaS_2019
MG100131,9.236120597908851,HanniganGD_2017
SAMD00164908,9.233321768761932,YachidaS_2019
SAMD00114825,9.257099818584155,YachidaS_2019
GupDM_JJ,9.19903571782444,GuptaA_2019
GupDM_A2,9.24055558215536,GuptaA_2019
SAMD00164981,9.176717961457472,YachidaS_2019
SAMD00164996,9.313218182520252,YachidaS_2019
SAMD00114957,9.363770557855668,YachidaS_2019
CCIS00146684ST-4-0,9.129450588477546,ZellerG_2014
CCIS14449628ST-4-0,9.303746183485538,ZellerG_2014
MG100146,9.157376796017898,HanniganGD_2017
SAMD00114763,9.185880020969503,YachidaS_2019
GupDM_A3,9.188287269536909,GuptaA_2019
SAMD00164990,9.300960566506385,YachidaS_2019
SAMD00164993,9.296155064454378,YachidaS_2019
SZAXPI003427-1,9.218143785012945,YuJ_2015
MMRS24340226ST-27-0-0,9.143669256514377,VogtmannE_2016
SAMD00164727,9.226218607935053,YachidaS_2019
SAMD00164882,9.338697583297778,YachidaS_2019
SAMD00114746,9.217261530494312,YachidaS_2019
SAMD00164822,9.256637862839654,YachidaS_2019
CCMD17410933ST-11-0,9.263313148993358,WirbelJ_2018
SAMD00164858,9.173502192215272,YachidaS_2019
SAMD00165030,9.205813052917701,YachidaS_2019
MMRS87723283ST-27-0-0,9.206395480563295,VogtmannE_2016
MMRS43563715ST-27-0-0,9.304004798894644,VogtmannE_2016
CCIS94603952ST-4-0,9.309355046127658,ZellerG_2014
SAMD00114768,9.266476732571798,YachidaS_2019
SZAXPI003410-3,9.127002770450403,YuJ_2015
SAMD00114747,9.220636240268307,YachidaS_2019
CCMD86707194ST-21-0,9.13782800156258,WirbelJ_2018
MMRS71238091ST-27-0-0,9.30410196101277,VogtmannE_2016
SZAXPI015222-123,9.28673233140818,YuJ_2015
CCMD45988061ST-21-0,9.280401215047517,WirbelJ_2018
SAMD00114915,9.24092276160843,YachidaS_2019
MMPU72854103ST,9.201836085716208,WirbelJ_2018
CCMD35801800ST-11-0,9.273019195181488,WirbelJ_2018
SAMD00164919,9.250589669453268,YachidaS_2019
CCMD23101338ST-21-0,9.289468059006664,WirbelJ_2018
CCMD86114146ST-21-0,9.329173153293782,WirbelJ_2018
MMPU84450604ST,9.283127185894749,WirbelJ_2018
CCMD98198513ST-11-0,9.215863963897892,WirbelJ_2018
SAMD00164899,9.218695493076135,YachidaS_2019
CCIS11558985ST-4-0,9.227161870348615,ZellerG_2014
CCMD34381688ST-21-0,9.223073113626642,WirbelJ_2018
SAMD00114910,9.138848337357974,YachidaS_2019
CCIS59132091ST-4-0,9.287318667065493,ZellerG_2014
CCMD64776337ST-21-0,9.310931135223106,WirbelJ_2018
SAMD00164949,9.154905148278047,YachidaS_2019
SZAXPI015274-111,9.28956527729928,YuJ_2015
SZAXPI015229-15,9.245757366906975,YuJ_2015
SAMD00154992,9.247592584045814,YachidaS_2019
CCIS82507866ST-3-0,9.293768119963605,ZellerG_2014
GupDM_HAT,9.21823749001625,GuptaA_2019
CCMD65406197ST-11-0,9.233362467264833,WirbelJ_2018
SAMD00164879,9.25248446008976,YachidaS_2019
CCMD66848156ST-11-0,9.294280449663084,WirbelJ_2018
CCMD75147712ST-11-0,9.257258232607946,WirbelJ_2018
SAMD00164834,9.155598330244846,YachidaS_2019
SAMD00164918,9.200176187145187,YachidaS_2019
CCIS82146115ST-4-0,9.245204308935968,ZellerG_2014
SAMD00114973,9.27796877530247,YachidaS_2019
CCIS98512455ST-4-0,9.227712057877957,ZellerG_2014
CCIS71301801ST-4-0,9.178377459727521,ZellerG_2014
SAMD00136653,9.267045592384221,YachidaS_2019
SAMD00165022,9.237623525640846,YachidaS_2019
SAMD00164974,9.311379335679906,YachidaS_2019
SAMD00114854,9.189753073629387,YachidaS_2019
CCIS07539127ST-4-0,9.22242214429921,ZellerG_2014
MMRS94549160ST-27-0-0,9.24708022003213,VogtmannE_2016
SAMD00164995,9.14515718805819,YachidaS_2019
CCMD65222621ST-11-0,9.258012918720336,WirbelJ_2018
SAMD00164926,9.202107834385878,YachidaS_2019
CCMD53522274ST-11-0,9.054609570174597,WirbelJ_2018
SAMD00165007,9.2437128584365,YachidaS_2019
GupDM_JA,9.208894226058847,GuptaA_2019
SAMD00114788,9.275137911742814,YachidaS_2019
SAMD00114931,9.231948768946832,YachidaS_2019
MG100141,9.230775551113327,HanniganGD_2017
SAMD00114748,9.233895910671261,YachidaS_2019
GupDM_A10,9.213956904130523,GuptaA_2019
SAMD00164748,9.201193334939472,YachidaS_2019
SAMD00164835,9.209793754677222,YachidaS_2019
CCMD21703880ST-11-0,9.250546190772223,WirbelJ_2018
CCMD22852639ST-11-0,9.188191546867763,WirbelJ_2018
SAMD00115032,9.20288636584549,YachidaS_2019
GupDM_HCT,9.299927565675619,GuptaA_2019
GupDM_A5,9.183645669180034,GuptaA_2019
SZAXPI017588-123,9.262006056638327,YuJ_2015
SZAXPI017591-140,9.23230216937632,YuJ_2015
SAMD00165002,9.239376543810437,YachidaS_2019
GupDM_HCN,9.309849288488632,GuptaA_2019
SAMD00164847,9.270595731427274,YachidaS_2019
CCIS76845094ST-20-0,9.245287179497113,ZellerG_2014
CCMD95433940ST-21-0,9.174195536441557,WirbelJ_2018
CCMD50529145ST-11-0,9.15452070454605,WirbelJ_2018
SAMD00114745,9.183811871560644,YachidaS_2019
SAMD00164932,9.314186806441448,YachidaS_2019
SAMD00114739,9.229377325837547,YachidaS_2019
CCIS02124300ST-4-0,9.255694563671877,ZellerG_2014
GupDM_HCM,9.257223095433122,GuptaA_2019
SAMD00164868,9.2028462652761,YachidaS_2019
CCMD56948710ST-11-0,9.323559657124974,WirbelJ_2018
CCIS00281083ST-3-0,9.239754586781508,ZellerG_2014
CCIS47284573ST-4-0,9.353604815035839,ZellerG_2014
SAMD00114868,9.262451039095879,YachidaS_2019
SAMD00164927,9.159901336658514,YachidaS_2019
CCMD50300306ST-11-0,9.274455626545263,WirbelJ_2018
CCMD11006829ST-21-0,9.231800217793456,WirbelJ_2018
CCMD38158721ST-11-0,9.287060388688554,WirbelJ_2018
SAMD00114775,9.313349817130181,YachidaS_2019
MMRS39582183ST-27-0-0,9.240743840005198,VogtmannE_2016
SAMD00114826,9.150880232453856,YachidaS_2019
CCIS38765456ST-20-0,9.264054387522798,ZellerG_2014
GupDM_A9,9.212998550437979,GuptaA_2019
CCMD82866709ST-21-0,9.188466792640487,WirbelJ_2018
SAMD00164886,9.352450296079907,YachidaS_2019
MMRS12272136ST-27-0-0,9.267042397180816,VogtmannE_2016
SAMD00165025,9.201464280104183,YachidaS_2019
SAMD00114903,9.233109727551007,YachidaS_2019
CCIS23164343ST-4-0,9.231662048995913,ZellerG_2014
GupDM_JM,9.206258961568812,GuptaA_2019
GupDM_HDB,9.174855876975972,GuptaA_2019
SAMD00114833,9.251615125675322,YachidaS_2019
SAMD00114852,9.238877015748352,YachidaS_2019
SAMD00164972,9.330842060637945,YachidaS_2019
SAMD00114974,9.272730057940482,YachidaS_2019
SAMD00164773,9.198801909087738,YachidaS_2019
SAMD00164951,9.262565449353923,YachidaS_2019
SAMD00165003,9.211540278288101,YachidaS_2019
CCMD50071957ST-21-0,9.241118468108795,WirbelJ_2018
SAMD00115017,9.30774906783527,YachidaS_2019
SZAXPI003428-6,9.206492605815527,YuJ_2015
CCIS20795251ST-4-0,9.25178001687173,ZellerG_2014
GupDM_A13,9.225444062544856,GuptaA_2019
CCMD19497912ST-21-0,9.322424335907614,WirbelJ_2018
MG100151,9.316189989367604,HanniganGD_2017
CCMD35081859ST-11-0,9.204736318859037,WirbelJ_2018
MMRS11932626ST-27-0-0,9.32278645541198,VogtmannE_2016
SAMD00114741,9.258012403709017,YachidaS_2019
SAMD00114838,9.231912335965035,YachidaS_2019
SAMD00164984,9.30576552379609,YachidaS_2019
SAMD00165009,9.317445442299086,YachidaS_2019
SAMD00114815,9.25281532232731,YachidaS_2019
SAMD00114867,9.163355814721994,YachidaS_2019
SZAXPI015212-113,9.257089874850047,YuJ_2015
SAMD00115034,9.238540347650558,YachidaS_2019
SAMD00114994,9.222418014895759,YachidaS_2019
CCMD35633353ST-11-0,9.231878031344644,WirbelJ_2018
SAMD00164817,9.321661635680112,YachidaS_2019
CCMD26709089ST-21-0,9.241793085016011,WirbelJ_2018
SAMD00164903,9.223043914825631,YachidaS_2019
SID530890,9.332070565945289,FengQ_2015
SZAXPI015250-39,9.217869717826348,YuJ_2015
SZAXPI017586-111,9.261470572327394,YuJ_2015
SAMD00164776,9.224879150726258,YachidaS_2019
SAMD00164963,9.221343704321026,YachidaS_2019
SAMD00164936,9.238138524727026,YachidaS_2019
CCIS15794887ST-4-0,9.23438612966136,ZellerG_2014
MMRS44197125ST-27-0-0,9.088119258313416,VogtmannE_2016
SAMD00114779,9.270831126954274,YachidaS_2019
MMRS65205033ST-27-0-0,9.194148608322944,VogtmannE_2016
SAMD00114863,9.298181369170763,YachidaS_2019
SAMD00114877,9.19290074457605,YachidaS_2019
MMRS68910755ST-27-0-0,9.305769385530871,VogtmannE_2016
SAMD00115035,9.287657069897989,YachidaS_2019
SAMD00114856,9.23094723510128,YachidaS_2019
SAMD00114886,9.187753627789059,YachidaS_2019
SZAXPI015265-88,9.245343565921644,YuJ_2015
GupDM_HAL,9.288044055597089,GuptaA_2019
SAMD00154994,9.313083266543645,YachidaS_2019
SAMD00164812,9.204432607311078,YachidaS_2019
CCIS16326685ST-4-0,9.172566286608406,ZellerG_2014
SAMD00164896,9.27319494026086,YachidaS_2019
MMRS77487595ST-27-0-0,9.188885473094198,VogtmannE_2016
MMPU68403337ST,9.150055266177166,WirbelJ_2018
SAMD00164859,9.239200703127784,YachidaS_2019
CCIS62605362ST-3-0,9.277140660813888,ZellerG_2014
SAMD00164779,9.24792745617445,YachidaS_2019
SAMD00114933,9.259672341319389,YachidaS_2019
GupDM_HAR,9.221375004258894,GuptaA_2019
CCIS84543192ST-4-0,9.244113134638162,ZellerG_2014
CCIS27304052ST-3-0,9.288968201494338,ZellerG_2014
GupDM_A_11,9.208796161174714,GuptaA_2019
MMRS15137911ST-27-0-0,9.23198633030776,VogtmannE_2016
GupDM_HCU,9.225727053170312,GuptaA_2019
MMRS81130264ST-27-0-0,9.248384859912468,VogtmannE_2016
CCIS95409808ST-4-0,9.303531221653959,ZellerG_2014
CCMD67373733ST-11-0,9.25604497843559,WirbelJ_2018
SAMD00114884,9.18897097146536,YachidaS_2019
SAMD00114883,9.218798103572471,YachidaS_2019
MMRS36405092ST-27-0-0,9.293449053736541,VogtmannE_2016
SAMD00114862,9.343538715989595,YachidaS_2019
SZAXPI015230-16,9.293185564193422,YuJ_2015
SAMD00114978,9.186305477778385,YachidaS_2019
SAMD00164869,9.209877495018711,YachidaS_2019
MG100134,9.230701976867415,HanniganGD_2017
SAMD00154995,9.187111226993071,YachidaS_2019
SAMD00164941,9.28720362342713,YachidaS_2019
CCIS22958137ST-20-0,9.307845161696909,ZellerG_2014
SAMD00164884,9.24663010611006,YachidaS_2019
SAMD00114964,9.178378199881077,YachidaS_2019
MMRS40913371ST-27-0-0,9.228733398279399,VogtmannE_2016
SAMD00114791,9.217126910803037,YachidaS_2019
SZAXPI015248-36,9.238911426918474,YuJ_2015
SZAXPI003411-6,9.190000380929941,YuJ_2015
MMRS72980899ST-27-0-0,9.271341340168055,VogtmannE_2016
SID530373,9.275236864774469,FengQ_2015
SAMD00114804,9.323667679223764,YachidaS_2019
MMRS11288076ST-27-0-0,9.213433990658638,VogtmannE_2016
SAMD00114778,9.29488311776432,YachidaS_2019
CCMD51154251ST-11-0,9.227403095497886,WirbelJ_2018
SAMD00164965,9.310594973533147,YachidaS_2019
CCIS95097901ST-4-0,9.219563817417097,ZellerG_2014
CCIS88007743ST-4-0,9.237409198493975,ZellerG_2014
CCMD51864103ST-21-0,9.247725650304233,WirbelJ_2018
SAMD00164954,9.32824843248126,YachidaS_2019
SAMD00164917,9.20298404296529,YachidaS_2019
CCIS98482370ST-3-0,9.273068301671255,ZellerG_2014
SAMD00114812,9.281141024843638,YachidaS_2019
SAMD00164897,9.32890711541212,YachidaS_2019
CCIS53355328ST-4-0,9.29094200050085,ZellerG_2014
SAMD00114805,9.257336404316481,YachidaS_2019
SAMD00114874,9.22149293598054,YachidaS_2019
SID530331,9.22542952946712,FengQ_2015
CCMD40701343ST-21-0,9.323727418692032,WirbelJ_2018
SAMD00115018,9.14903491484108,YachidaS_2019
SAMD00114865,9.245141484999241,YachidaS_2019
SAMD00114908,9.265597901966663,YachidaS_2019
CCIS44757994ST-4-0,9.289126986167144,ZellerG_2014
CCMD59540613ST-11-0,9.300313460360556,WirbelJ_2018
MMRS62376181ST-27-0-0,9.236747093951706,VogtmannE_2016
SAMD00114755,9.276051947336871,YachidaS_2019
CCIS06260551ST-3-0,9.29840937987182,ZellerG_2014
MMRS81194191ST-27-0-0,9.35226651931084,VogtmannE_2016
CCIS07648107ST-4-0,9.232922668655721,ZellerG_2014
CCIS83870198ST-4-0,9.301752760588906,ZellerG_2014
GupDM_HCL,9.321073873826373,GuptaA_2019
CCMD89107682ST-11-0,9.21864553577546,WirbelJ_2018
SAMD00114721,9.2362753196864,YachidaS_2019
MMRS41711735ST-27-0-0,9.2411126838709,VogtmannE_2016
MMRS29805707ST-27-0-0,9.326648975091665,VogtmannE_2016
MMRS32573774ST-27-0-0,9.269716744873804,VogtmannE_2016
SAMD00164832,9.27405340576446,YachidaS_2019
SAMD00114850,9.311254044831285,YachidaS_2019
SAMD00165018,9.304383030886363,YachidaS_2019
SAMD00165028,9.26650501418712,YachidaS_2019
SAMD00114995,9.205822517343888,YachidaS_2019
SID532915,9.257075350073618,FengQ_2015
GupDM_JH,9.320478913990488,GuptaA_2019
GupDM_HAI,9.203979679582424,GuptaA_2019
MG100142,9.25133867238177,HanniganGD_2017
MMRS85382779ST-27-0-0,9.357646562771105,VogtmannE_2016
MMRS51728985ST-27-0-0,9.240350714123892,VogtmannE_2016
SAMD00164867,9.2741761667833,YachidaS_2019
GupDM_JD,9.160154156259994,GuptaA_2019
SAMD00164729,9.231374072757356,YachidaS_2019
SID31883,9.32974840154723,FengQ_2015
GupDM_JI,9.171645136645315,GuptaA_2019
MMRS38861560ST-27-0-0,9.288814134565502,VogtmannE_2016
SAMD00164920,9.289545017344405,YachidaS_2019
CCMD13071240ST-21-0,9.268249415283023,WirbelJ_2018
SAMD00164767,9.20350741363477,YachidaS_2019
SAMD00164928,9.282698845775432,YachidaS_2019
SZAXPI003423-8,9.198766825778266,YuJ_2015
CCIS09568613ST-4-0,9.240998818053942,ZellerG_2014
SAMD00164843,9.295945105641154,YachidaS_2019
CCMD85661207ST-11-0,9.18669799187859,WirbelJ_2018
SAMD00114841,9.247809268288167,YachidaS_2019
SAMD00114724,9.194576720453652,YachidaS_2019
SAMD00165029,9.3023973550141,YachidaS_2019
SZAXPI003412-1,9.292029603392484,YuJ_2015
MMRS86168210ST-27-0-0,9.29595476337119,VogtmannE_2016
CCMD90311071ST-21-0,9.217444217526829,WirbelJ_2018
SAMD00114792,9.269548527122287,YachidaS_2019
SAMD00114892,9.246965473271922,YachidaS_2019
SAMD00114859,9.271364392393009,YachidaS_2019
SAMD00115007,9.286148583247405,YachidaS_2019
GupDM_HS,9.319934852745893,GuptaA_2019
SAMD00114822,9.31394364808447,YachidaS_2019
MMRS55294627ST-27-0-0,9.196691261630463,VogtmannE_2016
SZAXPI003433-7,9.273492726391757,YuJ_2015
CCIS46467422ST-4-0,9.285709640059041,ZellerG_2014
SAMD00114729,9.255298436382596,YachidaS_2019
SZAXPI017460-27,9.220453848200584,YuJ_2015
SAMD00114719,9.339499983337209,YachidaS_2019
GupDM_A4,9.301682473668812,GuptaA_2019
SAMD00114968,9.22008824624925,YachidaS_2019
SAMD00114966,9.21210767000444,YachidaS_2019
CCMD68973846ST-11-0,9.196266501797153,WirbelJ_2018
SAMD00164758,9.32707172329246,YachidaS_2019
SAMD00114809,9.313234938141235,YachidaS_2019
MG100166,9.174647333046412,HanniganGD_2017
SAMD00164837,9.220307287451778,YachidaS_2019
SAMD00164989,9.214641366759881,YachidaS_2019
SAMD00114839,9.230291787391053,YachidaS_2019
SAMD00164881,9.29393388804627,YachidaS_2019
CCIS11354283ST-4-0,9.285972841541453,ZellerG_2014
CCIS50003399ST-4-0,9.243408646048543,ZellerG_2014
CCMD71242853ST-11-0,9.233128837582711,WirbelJ_2018
SAMD00164999,9.306343919266636,YachidaS_2019
SAMD00114718,9.208053432601027,YachidaS_2019
SAMD00164828,9.294125953031191,YachidaS_2019
MMRS64281211ST-27-0-0,9.242054186733686,VogtmannE_2016
SZAXPI003415-12,9.27103151956581,YuJ_2015
CCMD60079086ST-21-0,9.103468099187563,WirbelJ_2018
MMRS44587603ST-27-0-0,9.290754825018418,VogtmannE_2016
SAMD00164946,9.317293072210418,YachidaS_2019
MMRS95674036ST-27-0-0,9.233047732464916,VogtmannE_2016
MMRS47662059ST-27-0-0,9.29355646278632,VogtmannE_2016
CCMD45812507ST-11-0,9.266388082913968,WirbelJ_2018
CCIS63468405ST-4-0,9.194300113590254,ZellerG_2014
CCMD32965613ST-11-0,9.27568068191106,WirbelJ_2018
MG100128,9.192917163010376,HanniganGD_2017
SAMD00165031,9.222265147929225,YachidaS_2019
CCMD96553385ST-21-0,9.23115127112889,WirbelJ_2018
SZAXPI015251-41,9.158439618490458,YuJ_2015
MMRS80093644ST-27-0-0,9.176262920181387,VogtmannE_2016
SID31881,9.285680172848009,FengQ_2015
SAMD00164844,9.260435410918705,YachidaS_2019
MMRS73787048ST-27-0-0,9.275043867566069,VogtmannE_2016
SAMD00165019,9.320444430196433,YachidaS_2019
SAMD00114753,9.208192263199608,YachidaS_2019
MG100167,9.364797597707657,HanniganGD_2017
CCMD64503764ST-21-0,9.287633988247403,WirbelJ_2018
SAMD00114891,9.305102601597786,YachidaS_2019
SAMD00164891,9.215315912034914,YachidaS_2019
MMRS84085284ST-27-0-0,9.227317232264411,VogtmannE_2016
SAMD00114808,9.318296334468805,YachidaS_2019
SAMD00114875,9.247200228532442,YachidaS_2019
MMRS71762412ST-27-0-0,9.255117684703853,VogtmannE_2016
SZAXPI015271-93,9.181140280980948,YuJ_2015
SID532802,9.234753287322855,FengQ_2015
SAMD00165006,9.295102319201742,YachidaS_2019
SAMD00114982,9.260858230528639,YachidaS_2019
MMRS42780924ST-27-0-0,9.221201596389502,VogtmannE_2016
SAMD00164991,9.328883138537643,YachidaS_2019
SZAXPI015232-18,9.233914474873213,YuJ_2015
SID530444,9.298221477253412,FengQ_2015
SAMD00114772,9.21808477264921,YachidaS_2019
MMRS65742083ST-27-0-0,9.210364968783948,VogtmannE_2016
SAMD00114956,9.264847475720764,YachidaS_2019
SAMD00114817,9.23267898375754,YachidaS_2019
SID31333,9.29051362239337,FengQ_2015
MMRS85438660ST-27-0-0,9.219622357019936,VogtmannE_2016
SAMD00164774,9.22552935179131,YachidaS_2019
CCMD50538120ST-11-0,9.01036988748657,WirbelJ_2018
MMRS93621581ST-27-0-0,9.250516708498317,VogtmannE_2016
SAMD00165015,9.245905336081988,YachidaS_2019
SAMD00164771,9.201715494974561,YachidaS_2019
CCIS34604008ST-4-0,9.23336302082869,ZellerG_2014
MG100126,9.281524228137773,HanniganGD_2017
SAMD00114950,9.30258960946565,YachidaS_2019
SZAXPI015254-45,9.215324469458304,YuJ_2015
MG100178,9.262519956849282,HanniganGD_2017
CCIS12656533ST-4-0,9.17943054512386,ZellerG_2014
SAMD00115013,9.201381174654266,YachidaS_2019
CCIS64785924ST-20-0,9.26060271853531,ZellerG_2014
SZAXPI003419-6,9.25672037086877,YuJ_2015
SAMD00164895,9.286474424202884,YachidaS_2019
CCIS90164298ST-4-0,9.184316176757926,ZellerG_2014
CCIS17669415ST-4-0,9.186052701854527,ZellerG_2014
SAMD00114885,9.140699062953523,YachidaS_2019
MMRS95479054ST-27-0-0,9.236475931491263,VogtmannE_2016
MMRS34569532ST-27-0-0,9.226899966229858,VogtmannE_2016
SAMD00165014,9.276442338529154,YachidaS_2019
MMRS68630931ST-27-0-0,9.216804059085947,VogtmannE_2016
CCIS64773582ST-4-0,9.190073231078221,ZellerG_2014
CCIS29210128ST-4-0,9.182680410280533,ZellerG_2014
SAMD00114769,9.127902139279826,YachidaS_2019
SAMD00114921,9.242289504494293,YachidaS_2019
MMRS41266697ST-27-0-0,9.242140009827809,VogtmannE_2016
SAMD00114990,9.273752182471666,YachidaS_2019
SAMD00164997,9.205513818200927,YachidaS_2019
CCIS12370844ST-4-0,9.264863661074228,ZellerG_2014
MG100144,9.275910206573325,HanniganGD_2017
GupDM_JC,9.249919075196813,GuptaA_2019
CCMD26925580ST-21-0,9.268098088826743,WirbelJ_2018
GupDM_JE,9.310098534972974,GuptaA_2019
CCMD74930188ST-21-0,9.286680966887335,WirbelJ_2018
CCMD89967135ST-11-0,9.26559467127253,WirbelJ_2018
SAMD00115027,9.31972142458327,YachidaS_2019
SAMD00114800,9.268040391296827,YachidaS_2019
SAMD00114799,9.253575959763113,YachidaS_2019
SAMD00114925,9.24539414612624,YachidaS_2019
GupDM_HCP,9.197268601013167,GuptaA_2019
MMRS35808664ST-27-0-0,9.249353165902548,VogtmannE_2016
SAMD00114893,9.245946188225105,YachidaS_2019
SAMD00114881,9.258082293283389,YachidaS_2019
CCIS36797902ST-4-0,9.20306212635989,ZellerG_2014
SAMD00114946,9.21257227242377,YachidaS_2019
SID31865,9.266570803286069,FengQ_2015
SAMD00114871,9.20596120952552,YachidaS_2019
SAMD00114786,9.311874888201254,YachidaS_2019
MMRS88581325ST-27-0-0,9.223182216318506,VogtmannE_2016
MMRS97307143ST-27-0-0,9.184326651397635,VogtmannE_2016
SAMD00115021,9.258307204156079,YachidaS_2019
SAMD00164915,9.278731547829727,YachidaS_2019
SAMD00115028,9.27532218019078,YachidaS_2019
SAMD00114969,9.256612693511196,YachidaS_2019
SAMD00164977,9.199044155949066,YachidaS_2019
SZAXPI017585-109,9.279752103443458,YuJ_2015
CCIS82944710ST-20-0,9.26231702950058,ZellerG_2014
SAMD00114912,9.203170392690758,YachidaS_2019
SAMD00114967,9.310551425008223,YachidaS_2019
SZAXPI015221-142,9.207872068326546,YuJ_2015
SAMD00114722,9.190849719251522,YachidaS_2019
CCMD19168690ST-11-0,9.341294923497035,WirbelJ_2018
SAMD00114996,9.241071277466062,YachidaS_2019
SAMD00164818,9.237957322781476,YachidaS_2019
SAMD00164820,9.194425488122487,YachidaS_2019
SAMD00164987,9.303354608735672,YachidaS_2019
CCIS21278152ST-4-0,9.279842326474173,ZellerG_2014
CCIS48725289ST-4-0,9.358192586632889,ZellerG_2014
MG100160,9.276943253015062,HanniganGD_2017
SAMD00164846,9.230600442034767,YachidaS_2019
MMRS95277876ST-27-0-0,9.166752551116543,VogtmannE_2016
CCMD74592084ST-11-0,9.302114064278546,WirbelJ_2018
SAMD00164863,9.255016145278358,YachidaS_2019
SZAXPI015227-13,9.272616733979996,YuJ_2015
SAMD00164980,9.209425859700193,YachidaS_2019
SAMD00114834,9.289546501625003,YachidaS_2019
SAMD00165012,9.251789220020843,YachidaS_2019
MMRS47685461ST-27-0-0,9.233325744242501,VogtmannE_2016
SAMD00164824,9.209400786648951,YachidaS_2019
SAMD00114976,9.190142126363655,YachidaS_2019
SAMD00164969,9.310883215645765,YachidaS_2019
SZAXPI017593-158,9.213773708385672,YuJ_2015
SAMD00114824,9.240284803999172,YachidaS_2019
SAMD00114726,9.22640207552409,YachidaS_2019
SAMD00164890,9.271430108250314,YachidaS_2019
SAMD00164848,9.204596436332901,YachidaS_2019
SAMD00114898,9.1981453400546,YachidaS_2019
SID530295,9.194456201224385,FengQ_2015
MMRS59699117ST-27-0-0,9.249248769803621,VogtmannE_2016
SAMD00164964,9.221036744592405,YachidaS_2019
SAMD00164937,9.267248258491387,YachidaS_2019
SAMD00114843,9.276293255170584,YachidaS_2019
SAMD00114720,9.304156407290002,YachidaS_2019
CCIS55230578ST-4-0,9.320878228993196,ZellerG_2014
GupDM_JO,9.24740911758351,GuptaA_2019
GupDM_HAH,9.20130238397519,GuptaA_2019
SAMD00114766,9.218703607700926,YachidaS_2019
SAMD00164911,9.246421236637257,YachidaS_2019
SZAXPI017462-33,9.340595032138518,YuJ_2015
CCIS58234805ST-4-0,9.275447958084207,ZellerG_2014
CCIS87605453ST-4-0,9.269287157045998,ZellerG_2014
SAMD00164968,9.309050741980561,YachidaS_2019
SAMD00164902,9.238089279085289,YachidaS_2019
MG100177,9.263646851725852,HanniganGD_2017
CCIS88317640ST-4-0,9.33927376316706,ZellerG_2014
CCMD98531134ST-11-0,9.217340570609604,WirbelJ_2018
SAMD00114730,9.368610213594932,YachidaS_2019
MG100133,9.21714403305198,HanniganGD_2017
SAMD00114901,9.315024910344397,YachidaS_2019
SAMD00164814,9.214461445048464,YachidaS_2019
SAMD00164780,9.225340566909786,YachidaS_2019
CCIS29688262ST-20-0,9.285400083417455,ZellerG_2014
CCIS94417875ST-3-0,9.251185324137628,ZellerG_2014
SZAXPI015255-46,9.270289431896673,YuJ_2015
SZAXPI017464-37,9.229752350865965,YuJ_2015
CCIS40244499ST-3-0,9.246107967252167,ZellerG_2014
SAMD00164940,9.284594727106967,YachidaS_2019
MG100140,9.259637286129554,HanniganGD_2017
SAMD00164854,9.246712372596221,YachidaS_2019
CCMD18829815ST-11-0,9.186751725578837,WirbelJ_2018
CCIS15704761ST-4-0,9.19382133486924,ZellerG_2014
SAMD00114971,9.228449339077965,YachidaS_2019
CCMD76409700ST-11-0,9.209999232840854,WirbelJ_2018
SAMD00114992,9.265928487055504,YachidaS_2019
SAMD00115031,9.206151617321092,YachidaS_2019
SZAXPI015261-75,9.15032241924817,YuJ_2015
SAMD00164853,9.353040138248721,YachidaS_2019
GupDM_HAN,9.220673429124634,GuptaA_2019
MMRS92544445ST-27-0-0,9.19623599147552,VogtmannE_2016
MMRS20257302ST-27-0-0,9.315641135497751,VogtmannE_2016
SAMD00114927,9.337453300295104,YachidaS_2019
SAMD00114760,9.350759324256467,YachidaS_2019
MMRS65945127ST-27-0-0,9.228251881422617,VogtmannE_2016
SID531128,9.306592944448306,FengQ_2015
SID31875,9.263785979399238,FengQ_2015
GupDM_HCY,9.2455969129987,GuptaA_2019
CCMD31134579ST-11-0,9.26271784930519,WirbelJ_2018
SAMD00164914,9.23207249452036,YachidaS_2019
SAMD00114896,9.182433495885652,YachidaS_2019
SAMD00164878,9.309728457794078,YachidaS_2019
CCMD72666896ST-11-0,9.351495245210764,WirbelJ_2018
SAMD00164970,9.25582568819778,YachidaS_2019
SAMD00164986,9.240731755818842,YachidaS_2019
SAMD00115023,9.303747039524259,YachidaS_2019
SAMD00154991,9.229594580734924,YachidaS_2019
MMRS64281551ST-27-0-0,9.295285008584685,VogtmannE_2016
MG100132,9.239520905704893,HanniganGD_2017
SAMD00165021,9.266517128200535,YachidaS_2019
CCIS91228662ST-4-0,9.2561928087052,ZellerG_2014
SAMD00114897,9.289928891703951,YachidaS_2019
SAMD00114818,9.306831855841342,YachidaS_2019
SAMD00164998,9.290327709426089,YachidaS_2019
MG100163,9.281222975882178,HanniganGD_2017
SAMD00114894,9.225504279283061,YachidaS_2019
MG100145,9.331626111481537,HanniganGD_2017
MMRS14602194ST-27-0-0,9.219132754140974,VogtmannE_2016
CCMD39882286ST-11-0,9.240124919130048,WirbelJ_2018
SAMD00114811,9.286589061554876,YachidaS_2019
SAMD00164852,9.221613651766498,YachidaS_2019
SZAXPI003435-11,9.328459752981322,YuJ_2015
SAMD00114879,9.31520806588574,YachidaS_2019
CCIS24254057ST-4-0,9.240797811355412,ZellerG_2014
SAMD00114793,9.148586504660138,YachidaS_2019
SZAXPI015273-95,9.220388172968228,YuJ_2015
CCMD25963797ST-21-0,9.228502622946216,WirbelJ_2018
SAMD00114977,9.320119168867889,YachidaS_2019
MMRS42570301ST-27-0-0,9.226663905391975,VogtmannE_2016
SAMD00115006,9.26398752403279,YachidaS_2019
SAMD00114934,9.198383418976162,YachidaS_2019
SAMD00114951,9.119808881968401,YachidaS_2019
MMRS67247116ST-27-0-0,9.299353986475092,VogtmannE_2016
SAMD00114989,9.234271343570258,YachidaS_2019
SAMD00164823,9.272878519765843,YachidaS_2019
SAMD00164855,9.24243521274213,YachidaS_2019
SAMD00164966,8.999031451522418,YachidaS_2019
CCMD39157124ST-11-0,9.328228767433723,WirbelJ_2018
CCMD23541216ST-11-0,9.266512935737378,WirbelJ_2018
MG100143,9.224705121033614,HanniganGD_2017
GupDM_HDF,9.20760706038588,GuptaA_2019
SAMD00164778,9.263451698892313,YachidaS_2019
SAMD00165023,9.298158195172407,YachidaS_2019
SZAXPI015245-33,9.181872076150919,YuJ_2015
SZAXPI003416-4,9.236515955015966,YuJ_2015
CCIS71578391ST-4-0,9.214177186950126,ZellerG_2014
SAMD00115004,9.178608321926928,YachidaS_2019
CCMD45004878ST-11-0,9.185517112319785,WirbelJ_2018
CCMD72690923ST-11-0,9.336465208283228,WirbelJ_2018
GupDM_A12,9.296519381070324,GuptaA_2019
MMRS97327636ST-27-0-0,9.362708024473205,VogtmannE_2016
SAMD00114781,9.281781848089583,YachidaS_2019
SAMD00114840,9.268142138501478,YachidaS_2019
SAMD00114938,9.213570053941984,YachidaS_2019
CCMD54057834ST-11-0,9.251572830116233,WirbelJ_2018
SZAXPI003436-7,9.219493607987502,YuJ_2015
SAMD00114767,9.184942871098515,YachidaS_2019
GupDM_A_15,9.230355135040021,GuptaA_2019
CCIS74239020ST-4-0,9.239235203503755,ZellerG_2014
MMRS18295921ST-27-0-0,9.333452764940539,VogtmannE_2016
CCMD79349503ST-11-0,9.190518670397063,WirbelJ_2018
MMPU99077057ST,9.284424970059302,WirbelJ_2018
SAMD00115011,9.208199735271222,YachidaS_2019
SAMD00114926,9.256392773790173,YachidaS_2019
GupDM_JK,9.085349415609627,GuptaA_2019
SAMD00164935,9.233592853934793,YachidaS_2019
SAMD00165033,9.279319439951347,YachidaS_2019
SZAXPI017589-133,9.263664690683402,YuJ_2015
CCMD27867141ST-11-0,9.255700028315566,WirbelJ_2018
CCIS46047672ST-4-0,9.213829123106866,ZellerG_2014
MG100162,9.158657456876554,HanniganGD_2017
SID31868,9.309903717788103,FengQ_2015
SZAXPI015226-14,9.168601592335953,YuJ_2015
SZAXPI003414-3,9.142314836630575,YuJ_2015
GupDM_HP,9.233539882780743,GuptaA_2019
SAMD00114920,9.215675315321759,YachidaS_2019
SAMD00164745,9.313905144911017,YachidaS_2019
CCMD12232071ST-21-0,9.32019134176645,WirbelJ_2018
CCIS53043478ST-4-0,9.254947526238805,ZellerG_2014
SAMD00114954,9.234507717472198,YachidaS_2019
SZAXPI017587-113,9.240938454058687,YuJ_2015
SAMD00164883,9.317677978892815,YachidaS_2019
SAMD00164865,9.31057719517466,YachidaS_2019
SAMD00114902,9.186124802840261,YachidaS_2019
CCMD28738636ST-11-0,9.27612814933569,WirbelJ_2018
SZAXPI015272-108,9.187510906534945,YuJ_2015
CCIS41548810ST-4-0,9.244949571129712,ZellerG_2014
SAMD00164982,9.22835000294401,YachidaS_2019
SAMD00164866,9.241500528472534,YachidaS_2019
SAMD00114762,9.189078823110664,YachidaS_2019
SAMD00164809,9.19782850815793,YachidaS_2019
SAMD00164821,9.239489953628345,YachidaS_2019
CCIS21126322ST-4-0,9.176152281436432,ZellerG_2014
GupDM_HCO,9.237753145181351,GuptaA_2019
CCMD10191450ST-11-0,9.291421303881764,WirbelJ_2018
SAMD00114987,9.20589587531604,YachidaS_2019
SAMD00114780,9.073032354093941,YachidaS_2019
SAMD00114823,9.205842947366186,YachidaS_2019
SZAXPI015253-44,9.246530615193404,YuJ_2015
MG100138,9.258906131918312,HanniganGD_2017
SAMD00114842,9.30236190058758,YachidaS_2019
SAMD00164929,9.208580825654517,YachidaS_2019
MMRS90191266ST-27-0-0,9.249239312078437,VogtmannE_2016
SAMD00164967,9.260697881652641,YachidaS_2019
SZAXPI015267-102,9.216730784611611,YuJ_2015
MMRS61683006ST-27-0-0,9.294838789979925,VogtmannE_2016
SID31159,9.284108926470422,FengQ_2015
CCMD79987997ST-21-0,9.280799908797121,WirbelJ_2018
SAMD00115030,9.309948705968443,YachidaS_2019
GupDM_HAM,9.311605808310757,GuptaA_2019
MG100174,9.231585132263076,HanniganGD_2017
SAMD00164983,9.198289804658007,YachidaS_2019
CCMD46222674ST-21-0,9.244131598162465,WirbelJ_2018
MG100168,9.234277058956234,HanniganGD_2017
CCIS85214191ST-3-0,9.311548193888358,ZellerG_2014
SZAXPI015210-17,9.259649906240458,YuJ_2015
GupDM_HAP,9.211339421926656,GuptaA_2019
CCMD48236717ST-21-0,9.294158343056809,WirbelJ_2018
SAMD00114941,9.177170311315999,YachidaS_2019
MMRS11664448ST-27-0-0,9.200220785167302,VogtmannE_2016
CCIS41288781ST-4-0,9.24370588350529,ZellerG_2014
SAMD00114814,9.1727020732985,YachidaS_2019
SAMD00114949,9.233029529531855,YachidaS_2019
MMRS56137463ST-27-0-0,9.245493345393484,VogtmannE_2016
SAMD00154993,9.276855752789633,YachidaS_2019
SAMD00165000,9.22933143721425,YachidaS_2019
CCMD89643949ST-11-0,9.205775720034742,WirbelJ_2018
SAMD00115016,9.221471869044485,YachidaS_2019
MMRS43939546ST-27-0-0,9.216730111004683,VogtmannE_2016
SAMD00164830,9.198364386576229,YachidaS_2019
SAMD00115019,9.146193876779023,YachidaS_2019
SAMD00164694,9.332540287281626,YachidaS_2019
GupDM_HCS,9.246193368259094,GuptaA_2019
SAMD00164870,9.26560101535033,YachidaS_2019
SAMD00164909,9.273620804455154,YachidaS_2019
SAMD00164994,9.27874997131456,YachidaS_2019
CCIS51595129ST-4-0,9.287300664246377,ZellerG_2014
GupDM_A7,9.245637389128207,GuptaA_2019
SZAXPI017461-32,9.190366904051618,YuJ_2015
SAMD00114899,9.2095656055504,YachidaS_2019
SAMD00114991,9.230551583753108,YachidaS_2019
SAMD00114959,9.320051822589972,YachidaS_2019
SAMD00114846,9.356333095232376,YachidaS_2019
CCMD14479708ST-21-0,9.306675992088687,WirbelJ_2018
CCMD27463710ST-11-0,9.285241558312542,WirbelJ_2018
SAMD00164950,9.206400349584007,YachidaS_2019
CCMD99440714ST-11-0,9.221978258840824,WirbelJ_2018
CCIS34055159ST-4-0,9.317689721364879,ZellerG_2014
SAMD00164979,9.218307882650201,YachidaS_2019
CCIS93040568ST-20-0,9.206630621608884,ZellerG_2014
SAMD00165011,9.216905593525176,YachidaS_2019
MMRS92546335ST-27-0-0,9.234262520110313,VogtmannE_2016
SAMD00114734,9.197482586506043,YachidaS_2019
CCMD73128545ST-11-0,9.292096728995125,WirbelJ_2018
CCIS63448910ST-4-0,9.201195688985568,ZellerG_2014
SAMD00114986,9.262069448183338,YachidaS_2019
SAMD00114790,9.298408608014013,YachidaS_2019
SAMD00115005,9.221569967591421,YachidaS_2019
SAMD00164871,9.288308697211875,YachidaS_2019
CCIS65479369ST-4-0,9.276529128189754,ZellerG_2014
MG100127,9.225314686240688,HanniganGD_2017
SAMD00114797,9.306459279583027,YachidaS_2019
SAMD00114924,9.231637785235165,YachidaS_2019
SAMD00114932,9.245637066940189,YachidaS_2019
SAMD00164838,9.352684617739852,YachidaS_2019
CCIS79210440ST-3-0,9.173382671847728,ZellerG_2014
SAMD00115012,9.209952876956471,YachidaS_2019
MG100136,9.16229990439109,HanniganGD_2017
SAMD00164912,9.18187798311855,YachidaS_2019
SZAXPI015256-47,9.233193916450809,YuJ_2015
SAMD00164831,9.22378506892833,YachidaS_2019
MMRS48639115ST-27-0-0,9.206362703138021,VogtmannE_2016
MG100157,9.298136240929832,HanniganGD_2017
CCIS52370277ST-4-0,9.221812586825527,ZellerG_2014
CCIS36699628ST-4-0,9.223933726726314,ZellerG_2014
MG100165,9.175133520269068,HanniganGD_2017
CCMD26625622ST-11-0,9.240772667684165,WirbelJ_2018
SAMD00164864,9.307582641114596,YachidaS_2019
SAMD00114929,9.163588195146302,YachidaS_2019
MMRS86958796ST-27-0-0,9.149985252931723,VogtmannE_2016
SAMD00115033,9.17647000966221,YachidaS_2019
CCIS16561622ST-4-0,9.26382663363102,ZellerG_2014
SAMD00164938,9.234293096373024,YachidaS_2019
MMRS78791111ST-27-0-0,9.282921480225214,VogtmannE_2016
CCIS72607085ST-4-0,9.241642428581898,ZellerG_2014
SAMD00164910,9.255036272929425,YachidaS_2019
CCIS62794166ST-4-0,9.20144932854265,ZellerG_2014
CCMD52117727ST-11-0,9.225383087892897,WirbelJ_2018
SAMD00164827,9.235078850671234,YachidaS_2019
GupDM_HCV,9.275456220597395,GuptaA_2019
MMPU29365221ST,9.322515753927625,WirbelJ_2018
SAMD00136648,9.295290970721243,YachidaS_2019
SAMD00114845,9.165197984412034,YachidaS_2019
SAMD00114872,9.304639993846855,YachidaS_2019
SAMD00164756,9.321647271091594,YachidaS_2019
SAMD00164931,9.256293118865226,YachidaS_2019
CCIS35100175ST-4-0,9.238808410150883,ZellerG_2014
SAMD00114889,9.227214471707178,YachidaS_2019
SAMD00164923,9.223044075926296,YachidaS_2019
SAMD00114829,9.19402621295892,YachidaS_2019
SAMD00114948,9.32654187237044,YachidaS_2019
SAMD00114849,9.265215489374578,YachidaS_2019
SAMD00114998,9.185417508664454,YachidaS_2019
CCMD41521570ST-11-0,9.321415428424475,WirbelJ_2018
SAMD00114918,9.250107376790181,YachidaS_2019
MMRS84954772ST-27-0-0,9.194662120060482,VogtmannE_2016
SAMD00114844,9.210796189657596,YachidaS_2019
GupDM_A6,9.197204873656535,GuptaA_2019
MG100164,9.227643097376108,HanniganGD_2017
CCMD49461418ST-11-0,9.353207862386427,WirbelJ_2018
SAMD00164988,9.327469423466065,YachidaS_2019
SZAXPI017468-88,9.347611769364669,YuJ_2015
SAMD00114830,9.21185472228166,YachidaS_2019
SAMD00114907,9.25867451677053,YachidaS_2019
SAMD00114880,9.229222614596983,YachidaS_2019
SAMD00164957,9.21333023057929,YachidaS_2019
SAMD00115015,9.29299823891074,YachidaS_2019
SZAXPI003417-4,9.219823281501121,YuJ_2015
CCIS81887263ST-4-0,9.3066693095583,ZellerG_2014
CCMD76222476ST-11-0,9.264224302401287,WirbelJ_2018
SAMD00164976,9.303789289769268,YachidaS_2019
SAMD00114876,9.222839856794382,YachidaS_2019
MMRS65862658ST-27-0-0,9.241132530935591,VogtmannE_2016
SAMD00114784,9.259826068981361,YachidaS_2019
SAMD00115014,9.217560451413467,YachidaS_2019
GupDM_HAO,9.221269148549675,GuptaA_2019
MG100171,9.269955861402934,HanniganGD_2017
SAMD00164913,9.207734075471986,YachidaS_2019
SZAXPI015213-15,9.185501713861676,YuJ_2015
SAMD00114848,9.212082888472404,YachidaS_2019
SZAXPI017583-102,9.24154644488883,YuJ_2015
MMRS44203591ST-27-0-0,9.23119241428213,VogtmannE_2016
SAMD00115001,9.247765799350113,YachidaS_2019
SAMD00114970,9.195549512356752,YachidaS_2019
MMRS93508324ST-27-0-0,9.185943624333145,VogtmannE_2016
SAMD00114919,9.230764206393047,YachidaS_2019
MMRS77321055ST-27-0-0,9.190277099067846,VogtmannE_2016
