"","Bifidobacterium","Adlercreutzia","Atopobium","Collinsella","Bacteroides","Barnesiella","Butyricimonas","Odoribacter","Parabacteroides","Paraprevotella","Prevotella","Saccharibacteria_genera_incertae_sedis","Chloroplast","Gemella","Granulicatella","Enterococcus","Lactobacillus","Lactococcus","Streptococcus","Clostridium_sensu_stricto","Anaerococcus","Parvimonas","Peptoniphilus","Anaerovorax","Anaerofustis","Eubacterium","Anaerostipes","Blautia","Clostridium_XlVa","Clostridium_XlVb","Howardella","Lachnoanaerobaculum","Lachnospiracea_incertae_sedis","Roseburia","Ruminococcus2","Syntrophococcus","Peptococcus","Clostridium_XI","Anaerofilum","Anaerotruncus","Butyricicoccus","Clostridium_IV","Ethanoligenens","Faecalibacterium","Flavonifractor","Oscillibacter","Pseudoflavonifractor","Ruminococcus","Subdoligranulum","Catenibacterium","Clostridium_XVIII","Coprobacillus","Erysipelotrichaceae_incertae_sedis","Holdemania","Turicibacter","Acidaminococcus","Phascolarctobacterium","Succinispira","Dialister","Veillonella","Clostridium_XIX","Fusobacterium","Acidovorax","Parasutterella","Sutterella","Desulfovibrio","Campylobacter","Citrobacter","Escherichia","Haemophilus","Akkermansia"
"F-018C1A",5,0,0,0,2898,0,0,4,103,0,0,0,31,0,0,0,1,0,6,3,0,0,0,4,0,0,0,4,5,1,0,0,60,3,1,1,0,30,0,0,1,62,0,64,6,78,1,13,0,0,3,0,4,0,0,0,42,0,0,0,0,0,0,7,0,0,0,0,0,0,11
"F-017C1A",0,0,0,0,4649,0,0,40,130,0,0,0,0,0,0,0,0,0,8,1,0,0,0,0,0,0,0,1,20,0,0,0,56,1,1,0,0,11,5,0,0,22,0,394,1,8,3,0,0,0,24,0,3,5,1,0,0,0,4,0,0,0,0,25,0,0,0,0,0,0,162
"F-025C2U",84,0,0,4,1138,0,0,4,4,0,0,0,0,0,1,0,0,0,3,6,0,0,0,1,0,4,0,24,8,1,0,0,91,1,85,6,0,47,6,0,0,5,0,1205,8,188,0,383,0,0,6,5,4,0,0,2,3,0,0,0,1,0,0,0,16,0,0,0,0,0,50
"F-057-C2U",11,0,0,0,599,38,3,24,133,0,0,0,0,0,0,0,0,1,8,1,0,0,0,0,0,1,0,27,7,5,0,0,133,1,26,17,0,191,0,0,1,50,0,212,1,112,3,51,42,0,93,0,1,1,2,0,0,0,33,0,0,0,0,65,0,0,0,0,0,0,19
"F-057-C1A",18,0,0,0,2082,1,0,8,167,0,3,0,0,0,0,0,0,2,4,1,0,0,0,6,0,0,0,40,23,0,0,0,101,50,36,19,0,73,3,0,4,1,0,205,1,22,3,64,7,0,0,1,1,7,1,0,31,0,7,0,0,5,0,0,0,0,0,0,1,0,3
"F-047-C1A",18,0,0,18,113,0,11,0,38,0,0,0,0,0,0,0,11,5,3,29,0,0,0,4,0,0,0,76,63,0,0,0,81,1,15,14,0,490,6,0,1,27,0,127,17,91,3,223,14,0,18,0,4,1,5,0,0,0,8,0,0,0,0,0,22,0,0,0,7,0,10
"F-024C1A",61,0,0,0,113,0,0,2,36,0,1,0,0,0,1,0,0,0,45,2,0,0,0,1,1,0,0,457,52,4,0,0,89,378,10,44,0,72,12,4,39,5,0,2644,32,48,12,2,0,0,7,0,6,7,6,0,0,0,10,1,0,0,0,1,80,0,0,0,0,1,25
"N13",21,0,0,0,2673,0,0,0,1,0,0,0,0,0,0,1,0,0,1,0,0,0,0,0,0,2,1,0,5,16,0,0,14,0,0,0,0,19,0,1,2,0,0,78,7,1,0,0,1,0,0,1,3,0,0,0,0,0,1,2,0,0,0,0,2,0,0,0,4,0,0
"F-004C1A",0,0,0,1,3292,0,1,0,39,0,0,1,0,0,0,0,0,0,5,1,0,0,0,0,0,0,0,155,34,13,0,0,241,2,9,7,0,4,23,1,1,28,0,83,23,6,7,0,0,0,11,17,1,2,0,0,5,0,0,0,0,0,0,0,15,0,0,0,0,0,578
"F-026C1A",369,1,0,0,896,45,0,7,58,0,0,0,0,0,0,0,0,0,4,3,0,0,0,4,0,0,0,1,4,0,0,0,41,0,13,4,0,155,10,10,0,1,0,200,99,51,16,277,104,0,3,1,21,7,3,0,0,0,93,0,0,0,0,15,0,0,0,0,0,0,399
"A09",0,1,0,0,103,0,0,0,35,0,0,0,0,0,0,0,0,0,10,0,0,0,0,1,0,0,0,434,0,0,0,0,33,26,0,0,0,37,0,0,13,5,0,398,4,2,1,7,12,0,9,1,3,3,9,0,0,0,0,6,0,0,1,8,0,0,0,0,0,0,0
"F065-C1A",16,0,0,0,679,26,5,9,188,0,252,0,0,0,0,0,0,0,10,1,0,0,0,0,0,0,0,41,13,5,0,0,99,16,9,8,0,182,7,0,1,5,0,70,10,26,3,0,15,0,9,0,4,0,7,0,124,0,2,1,0,0,0,0,36,0,0,0,0,0,0
"F-002C1A",29,0,0,6,61,26,0,2,32,1,0,0,0,0,1,0,0,2,12,2,0,0,0,12,0,0,0,134,17,3,0,3,33,0,151,1,0,75,0,1,4,0,11,72,41,139,0,381,6,0,22,17,10,0,3,0,13,0,5,0,0,0,0,1,0,0,0,0,2,0,29
"F-038-C1A",29,0,0,0,2364,0,0,0,0,0,1,0,0,0,0,0,1,0,52,1,0,0,0,0,0,0,0,6,9,1,0,0,38,99,4,15,0,211,5,0,8,6,0,293,6,26,0,10,1,0,0,3,6,14,2,0,0,0,57,0,0,0,0,18,0,0,0,0,0,0,0
"F-030C1A",20,0,0,0,1736,1,4,6,94,0,1,0,0,0,0,0,0,2,52,10,0,0,0,8,0,0,0,142,14,0,0,0,73,1,29,18,0,95,6,4,3,7,0,110,16,66,1,9,7,1,57,1,17,9,3,0,57,0,0,0,3,0,0,0,9,1,0,0,0,1,3
"F-031C1U",11,0,0,0,3658,0,0,18,94,0,0,0,0,1,0,0,0,3,8,12,0,0,0,0,0,0,0,33,41,21,0,0,569,8,86,2,0,87,1,0,11,0,0,285,6,6,5,0,16,0,17,0,3,9,0,0,19,0,0,0,0,0,0,18,0,0,0,0,0,0,0
"A02",20,0,0,0,148,0,0,0,12,0,0,0,0,0,1,1,0,0,23,0,0,0,0,3,0,0,1,0,12,1,0,0,12,0,0,0,0,99,9,0,3,0,0,19,2,2,1,0,1,0,4,0,1,0,0,0,0,0,0,0,0,0,0,0,0,0,0,0,0,0,34
"N02",9,0,0,1,174,0,0,0,6,0,0,1,0,0,0,0,0,0,3,0,0,0,0,2,0,0,1,0,0,0,0,0,35,89,0,0,0,30,2,1,1,0,0,79,5,25,0,0,8,0,0,0,0,1,1,0,5,0,0,0,0,0,0,1,20,0,0,0,0,0,7
"F-043-C1A",20,0,0,0,1038,0,0,0,61,0,0,0,0,0,0,0,0,0,95,2,0,0,0,0,0,0,0,12,10,0,0,0,253,2,34,5,0,66,2,0,6,23,0,419,6,4,1,275,0,0,0,12,0,1,4,0,0,0,8,0,0,0,0,26,0,0,0,0,1,3,23
"N06",1,0,0,0,129,20,0,0,6,2,1,0,1,0,0,0,0,0,3,0,0,0,0,3,0,1,1,0,9,1,0,0,32,0,0,22,0,70,2,0,0,19,0,161,14,5,4,0,9,0,0,2,7,3,1,0,8,0,0,0,0,0,0,3,0,0,0,0,4,1,0
"F-054-C1A",29,0,0,1,1176,49,0,0,108,0,0,0,0,0,1,0,0,0,5,0,0,0,0,0,0,0,0,37,16,4,0,0,87,23,15,10,0,3,1,1,4,5,0,881,6,11,0,75,0,0,1,0,0,1,0,0,0,0,129,0,0,0,0,15,0,0,0,0,0,0,1
"F-019C1A",7,0,0,4,475,145,0,4,75,7,0,0,0,0,0,0,0,0,0,5,0,0,0,1,0,0,0,1,39,0,0,0,23,1,123,1,0,329,7,0,0,16,0,9,9,139,0,20,0,0,9,1,8,0,11,0,0,3,0,0,0,0,0,1,0,0,0,0,1,0,34
"F-011C1A",1,0,0,0,5102,0,0,0,74,0,0,0,0,0,0,0,0,0,0,0,0,0,0,0,0,0,0,85,3,0,0,0,273,1,1,1,0,2,1,0,0,200,1,95,1,38,3,68,0,0,4,0,0,2,0,0,0,0,1,0,0,0,0,0,15,6,0,0,0,0,110
"A19",0,0,0,1,225,45,0,1,10,1,0,0,0,0,1,0,1,1,7,0,0,0,0,2,0,1,1,0,0,0,0,0,14,92,102,0,0,26,3,0,1,1,0,362,5,3,1,1,39,0,1,0,0,0,1,0,21,0,0,0,0,0,0,11,0,0,0,0,0,0,19
"F-003C2U",5,0,0,0,874,0,0,8,57,0,0,0,0,0,0,0,10,0,7,2,0,1,0,0,0,0,1,150,22,34,0,0,240,1,75,1,0,14,3,0,7,12,0,1953,1,13,14,55,0,0,156,0,5,0,3,0,0,0,26,1,0,1,0,21,0,0,0,0,1,0,0
"F-044-C1A",1,0,0,0,2550,0,0,15,14,0,0,0,0,1,0,0,0,0,35,11,0,0,0,1,0,0,0,9,7,1,0,0,79,159,4,6,0,272,0,0,3,1,0,73,1,9,7,88,0,0,20,0,3,1,28,0,1,0,7,10,0,0,0,10,0,0,0,0,1,0,1
"F064-C1A",1,0,0,1,2552,113,7,8,70,6,0,0,0,0,0,0,0,0,6,5,0,0,0,6,0,0,0,30,11,0,0,0,35,1,1,6,0,206,3,0,0,1,3,80,15,56,1,56,0,0,5,0,14,0,4,0,64,0,0,0,0,0,0,0,5,44,0,0,0,0,1
"F-037-C1A",0,0,0,0,334,1,0,0,9,0,22,0,0,0,8,0,1,3,40,39,0,0,0,0,0,0,0,34,20,0,0,0,78,98,8,3,0,387,5,0,15,39,0,211,9,76,5,36,12,0,10,0,3,8,18,1,0,0,46,1,3,0,0,20,3,1,1,0,0,8,0
"F-041-C2U",333,0,7,11,566,22,10,2,23,0,3,0,0,0,0,0,0,0,3,3,0,0,0,0,0,0,0,1,1,0,0,0,13,7,1,157,0,29,4,1,12,0,0,750,7,18,1,5,49,0,1,0,0,0,0,0,0,0,0,2,0,0,0,23,0,0,0,0,0,0,10
"F-053-C1U",5,0,0,0,735,0,0,3,65,0,0,0,0,0,0,0,0,0,21,21,0,1,0,0,0,0,0,76,14,0,0,0,85,2,58,7,0,275,4,0,0,6,0,523,10,58,14,251,1,0,0,5,14,5,3,0,18,0,0,0,0,0,0,0,0,0,4,0,1,0,0
"F-001C2U",257,0,0,1,2237,0,0,0,256,0,1,3,0,0,0,0,0,16,4,3,0,0,0,19,0,0,0,385,5,38,0,0,137,15,45,5,0,377,0,7,8,74,1,1217,13,150,3,16,1,0,16,0,0,0,2,0,0,0,8,0,0,0,0,22,0,0,0,0,0,1,79
"F-017C2U",0,0,0,0,4351,0,0,1,0,0,0,0,0,0,0,0,0,0,0,0,0,0,0,0,0,1,0,50,2,4,0,0,12,3,1,2,0,58,1,0,0,5,0,243,0,4,1,1,0,0,1,0,0,3,0,0,0,0,14,0,0,0,0,0,13,0,0,0,0,0,1
"F-009C2U",5,0,0,0,175,0,0,2,20,0,1,0,0,0,0,0,0,1,14,9,0,0,0,12,0,0,0,4,3,0,0,0,238,3,6,3,0,134,0,0,1,14,0,104,1,31,3,26,6,0,8,0,6,1,1,3,0,0,12,0,0,0,0,0,6,0,0,0,0,0,1
"F-062-C2U",45,0,0,1,10,0,0,1,2,0,2713,0,0,0,0,0,0,0,16,1,0,0,0,0,0,0,0,3,7,7,1,0,44,1,1,1,0,27,0,0,13,6,0,399,0,8,0,0,53,0,5,0,4,1,2,0,11,0,88,1,0,0,0,0,20,0,0,0,0,0,0
"F-007C2U",0,0,0,0,1,0,0,2,1,0,0,0,0,0,0,0,0,0,4,354,0,0,0,6,0,10,0,1,0,0,0,0,7,0,1,1,0,1173,2,0,0,11,0,6,8,7,0,23,1,0,1,0,0,0,177,0,0,0,0,0,0,0,0,0,0,0,0,0,0,0,7
"F-005C1A",87,0,0,0,2183,45,1,18,4,0,1,0,0,0,0,0,0,0,1,2,0,0,0,0,0,0,0,115,5,0,0,0,236,2,70,43,0,16,1,0,1,0,0,398,0,11,3,0,1,0,0,0,0,0,3,0,0,0,0,0,0,0,0,0,47,0,0,0,0,2,0
"F-015C2U",27,0,0,0,1249,0,4,2,43,0,0,0,0,0,0,0,0,0,5,36,0,0,0,0,0,0,0,4,18,17,0,0,116,92,8,4,0,203,0,1,1,11,0,369,6,25,5,75,17,0,6,0,3,5,3,0,75,0,1,0,0,0,0,26,0,0,0,0,0,0,0
"F-019C2U",121,0,0,0,547,6,0,0,137,12,1,0,0,0,0,0,0,0,40,67,0,0,0,0,0,0,0,18,6,0,0,0,60,207,31,25,0,549,0,0,4,0,0,385,0,4,0,1,0,0,11,0,3,0,6,0,0,29,0,0,0,0,0,29,0,0,0,0,0,7,0
"A17",0,0,0,5,1,0,0,0,1,0,0,0,0,0,0,1,1,0,0,0,0,0,6,1,0,0,0,0,1,0,0,0,59,0,0,0,0,13,3,0,0,15,0,42,0,2,0,77,49,0,17,0,3,2,0,0,0,0,16,0,0,0,0,0,0,0,0,0,0,0,0
"F-021C2U",32,0,0,0,460,0,0,4,115,0,0,0,0,0,0,0,0,0,22,10,0,0,0,0,0,0,0,29,17,1,0,0,130,294,85,38,0,60,0,0,25,4,0,1089,27,32,0,26,53,0,26,3,3,1,4,0,0,0,15,1,0,0,0,26,0,0,0,0,2,1,4
"F-059-C1A",0,0,0,0,2757,0,0,11,121,0,1,0,0,0,0,0,0,0,5,1,0,0,0,4,0,0,0,158,21,0,0,0,133,1,11,2,0,23,2,0,3,36,0,46,10,40,5,67,13,0,95,1,3,2,1,0,0,0,35,0,0,0,0,20,0,0,0,0,0,0,68
"F-027C2U",25,0,0,1,2240,0,0,2,81,0,0,0,0,0,0,0,0,1,11,2,0,0,0,0,0,0,0,8,27,4,0,0,95,40,49,5,0,156,1,0,13,4,0,895,17,11,12,47,7,0,0,5,3,3,2,0,59,0,2,0,0,0,0,7,0,0,0,0,2,0,42
"F-022C2U",9,1,0,0,1226,54,14,14,68,0,4,0,0,0,0,0,0,0,16,9,0,0,5,1,0,0,0,47,72,0,0,0,61,1,14,35,0,239,8,7,4,1,6,34,67,208,5,33,48,0,0,3,37,0,58,0,30,0,0,0,0,0,0,1,0,0,4,0,2,2,0
"F-039-C2U",1,0,0,0,307,0,0,10,43,0,635,0,0,1,0,0,0,0,7,1,0,0,0,0,0,0,0,4,23,0,0,0,67,9,28,5,0,122,1,0,12,5,0,125,1,4,0,37,12,0,5,0,3,0,0,0,0,0,56,0,0,0,0,0,43,0,0,0,0,3,9
"F-028C1A",13,0,0,0,3356,0,0,9,0,0,0,1,0,0,0,0,0,0,6,1,0,0,0,1,1,0,0,6,15,0,0,0,10,1,22,1,0,72,48,0,0,0,0,43,17,23,7,87,10,0,5,5,15,29,5,0,0,0,2,0,0,0,0,4,0,0,0,0,0,0,0
"F-062-C1A",0,0,0,1,29,9,0,2,21,0,39,0,0,0,0,0,0,0,17,1,0,0,0,0,0,0,0,50,0,0,0,0,173,49,23,4,0,23,0,0,7,27,0,930,5,15,0,22,21,7,1,0,8,0,1,4,39,0,0,0,19,0,0,0,1,4,0,0,0,0,17
"F-016C2U",16,0,0,0,366,0,0,4,34,28,7,0,0,0,0,0,0,0,5,2,0,0,0,1,0,0,0,1,5,0,0,0,50,2,2,27,0,368,2,0,1,80,0,59,8,1783,0,34,1,0,4,0,0,25,0,0,515,0,0,0,0,0,0,9,0,0,0,0,0,0,21
"F-022C1A",5,3,0,17,1759,80,0,6,43,0,0,1,0,1,0,0,0,0,3,1,0,0,0,0,0,0,0,1,7,0,0,0,64,1,1,4,0,200,10,0,0,5,0,184,8,245,1,53,20,0,0,0,3,1,5,0,0,0,2,0,0,0,0,2,0,0,0,0,0,0,1
"F-037-C2U",241,0,0,1,1132,28,15,0,28,0,0,0,0,0,1,0,3,0,22,0,0,0,0,0,0,0,0,54,14,47,0,0,107,5,189,12,0,2,0,0,6,7,0,504,10,11,0,14,12,0,4,0,1,3,0,0,0,0,42,2,0,0,0,54,0,0,0,0,0,0,0
"F-023C1A",13,0,0,0,3636,35,0,1,20,0,0,0,0,0,0,0,0,0,9,2,0,0,0,0,0,0,0,2,3,0,0,0,186,11,1,1,0,45,4,0,3,24,0,114,6,19,3,0,35,0,3,3,1,1,3,0,0,0,0,0,0,0,0,0,43,42,0,0,0,0,5
"F-042-C1A",0,0,0,0,49,40,0,4,49,0,6,0,0,0,0,0,0,0,17,39,0,0,0,4,0,0,0,85,11,0,0,0,267,1,2,2,0,23,0,0,7,0,0,122,7,83,0,141,17,117,1,0,35,1,0,0,0,0,103,1,0,0,0,0,10,24,0,0,0,0,0
"F-008C2U",0,0,0,0,217,51,0,20,63,0,668,0,0,0,0,0,0,0,3,1,0,0,0,6,1,0,0,13,2,4,0,0,57,5,5,3,0,29,1,0,14,1,0,466,5,42,0,83,1,0,1,0,10,0,3,0,0,0,47,0,0,0,0,0,7,0,0,0,1,1,1
"A05",5,0,0,0,400,0,0,1,170,0,0,0,1,1,0,0,1,0,6,0,0,0,1,1,0,0,0,35,1,1,0,1,71,1,0,0,0,27,5,2,0,2,0,26,2,41,0,28,1,0,12,0,4,0,0,0,0,0,12,0,0,2,0,0,0,0,0,0,0,0,72
"F-027C1A",0,0,0,0,3203,29,0,2,18,0,0,0,0,0,0,0,0,0,5,2,0,0,0,0,0,0,0,22,1,0,0,0,259,3,3,2,0,49,2,0,5,0,0,704,8,1,9,15,7,0,16,5,4,2,1,0,20,0,0,0,0,0,0,5,0,0,0,0,0,0,18
"F-029C2U",5,0,0,0,2667,0,5,7,31,0,3,0,0,0,0,0,0,0,5,4,0,0,0,4,0,0,0,1,4,0,0,0,198,1,3,11,0,72,2,0,1,14,0,397,0,39,0,104,21,0,3,0,1,1,5,0,1,0,7,0,0,0,0,5,0,0,0,0,0,0,4
"F-039-C1A",5,0,0,1,565,0,0,6,13,0,707,0,0,0,0,0,0,0,1,1,0,0,0,0,0,0,0,13,15,0,0,0,80,2,6,1,0,32,1,0,8,1,0,86,6,17,0,82,49,1,1,0,46,0,0,0,0,0,0,0,0,0,0,1,55,0,0,0,0,0,1
"F-001C1A",147,0,0,0,5,0,0,0,5,0,0,0,0,0,0,0,0,25,18,1,0,0,0,4,0,0,0,460,16,11,0,0,318,1,149,0,0,14,1,0,1,1,1,1994,16,14,3,56,6,0,1,0,7,1,2,0,0,0,304,11,0,0,0,17,0,0,1,0,3,0,1
"N19",39,0,0,16,88,0,0,0,1,0,0,0,0,1,0,1,0,0,1,0,0,0,0,13,1,1,1,23,0,0,0,0,69,23,0,0,0,159,0,0,5,1,0,51,18,2,2,0,23,0,4,0,0,2,0,0,10,0,0,0,0,0,0,0,0,0,0,0,0,0,0
"A10",189,0,0,0,88,0,0,0,1,0,0,0,1,0,0,0,7,0,10,0,0,0,0,2,0,2,1,0,6,0,0,0,18,0,0,0,0,179,4,0,0,2,1,107,1,17,1,15,0,0,4,1,5,0,9,0,4,0,0,0,0,0,0,0,1,0,0,0,0,0,0
"F-014C2U",7,0,0,0,3346,0,0,2,10,0,1,0,0,0,0,0,0,0,6,1,0,0,0,0,0,0,0,48,1,0,0,0,343,1,1,2,0,6,0,0,0,27,0,538,0,0,0,78,0,0,1,3,3,1,0,0,2,0,0,0,0,0,0,1,0,0,0,0,0,0,1
"F-003C1A",27,0,0,0,2498,0,0,0,8,0,0,0,0,0,9,0,0,0,41,40,0,0,0,0,0,0,0,43,72,0,0,0,478,425,166,7,0,272,2,0,12,8,0,402,1,10,0,5,13,0,50,0,30,4,24,0,0,0,9,144,0,0,0,48,0,0,0,0,102,14,0
"F-060-C1A",1,0,0,0,512,0,1,3,145,0,0,0,0,0,0,0,45,0,34,58,0,0,0,0,0,0,0,50,12,1,0,0,382,148,46,1,0,75,1,0,3,0,0,367,1,6,1,1,0,0,11,0,0,3,2,0,17,0,0,0,0,3,0,3,0,0,0,0,73,2,0
"N14",7,0,0,1,197,0,9,0,28,0,0,0,0,0,0,0,0,0,0,0,0,0,0,0,0,0,1,0,1,1,0,0,43,0,0,1,0,26,0,4,1,2,0,5,2,52,1,0,1,0,2,4,0,2,0,0,0,0,0,0,0,0,0,1,5,5,5,0,0,0,34
"F-023C2U",29,0,0,0,33,58,0,0,3,0,1,0,0,0,0,0,0,0,3,5,0,0,0,5,0,0,0,10,11,0,0,0,152,36,3,8,0,325,0,0,15,7,0,652,7,106,1,0,39,0,4,0,0,0,5,0,0,0,32,0,0,0,0,1,89,0,0,0,0,0,10
"F066-C2U",31,0,0,0,2033,0,5,0,240,0,0,0,0,1,0,0,0,0,1,83,0,0,0,0,0,0,0,1,7,0,6,0,176,95,1,1,0,805,4,0,4,4,0,154,21,9,3,98,1,0,5,0,3,3,69,0,0,0,10,0,0,0,0,3,1,43,0,0,0,1,77
"F-010C1A",5,0,0,0,1357,0,0,3,4,0,0,0,0,0,0,0,0,0,1,1,0,0,0,1,0,0,0,14,1,0,0,0,144,2,7,8,0,77,1,0,0,0,0,248,0,1,0,0,1,0,13,9,0,0,0,0,0,0,6,0,0,0,0,2,0,0,0,0,0,0,151
"F-015C1A",0,0,0,0,14,0,0,0,2,0,0,0,0,0,0,0,0,0,0,12,0,0,0,4,0,0,0,6,21,0,0,0,83,1,5,3,0,3,0,0,0,30,3,530,0,740,0,47,48,0,16,0,0,3,0,0,1,0,61,0,0,0,0,1,0,0,0,0,0,0,1
"F-032C1A",698,0,0,0,3189,0,0,4,32,0,0,0,0,0,0,0,0,0,18,1,0,0,0,0,0,0,7,30,11,1,0,0,65,2,582,17,0,20,0,0,3,0,0,87,19,13,10,127,77,0,4,3,9,13,1,0,0,0,7,0,0,0,0,7,0,0,0,0,0,1,67
"F-041-C1A",50,0,0,0,780,37,7,2,43,0,0,1,0,0,0,0,0,0,11,7,0,0,0,0,0,0,0,12,9,0,0,0,62,172,59,27,0,305,3,0,19,6,0,211,5,16,0,34,25,0,15,0,5,3,2,0,0,0,0,1,0,0,0,29,0,0,0,0,1,2,10
"A18",49,0,0,0,355,5,0,0,39,1,0,0,0,0,0,0,0,0,48,0,0,0,0,0,0,0,3,19,9,1,0,0,51,0,0,0,0,31,0,0,1,5,0,66,7,1,1,0,5,0,8,2,3,4,0,12,6,0,0,0,0,0,0,3,0,0,0,2,12,0,0
"F-044-C2U",20,0,0,4,481,0,0,0,19,34,0,0,0,0,0,0,1,2,40,15,0,0,0,1,0,0,0,77,13,1,0,0,136,41,61,12,0,198,0,0,4,0,0,107,0,10,0,32,6,0,1,0,3,1,6,0,17,0,11,0,0,0,0,14,0,0,0,0,0,5,0
"N04",12,1,0,1,1,11,0,0,23,0,0,0,0,0,0,0,0,0,6,0,0,0,0,2,0,0,1,1,1,3,0,0,54,1,0,0,0,215,7,1,1,12,4,43,6,73,4,29,5,0,12,1,11,4,0,0,27,0,1,0,0,0,0,3,0,0,0,0,0,0,7
"A15",2,0,0,0,515,0,0,0,0,0,0,0,2,0,0,1,0,0,1,0,2,0,0,0,0,0,1,0,30,0,0,0,0,0,0,0,0,18,0,0,0,0,0,0,17,1,0,113,0,0,7,3,39,0,0,0,0,0,0,10,0,0,0,2,0,0,0,3,1,0,21
"F-061-C2U",1,0,0,0,560,0,0,3,14,0,0,0,0,0,0,0,0,0,5,6,0,0,0,0,0,0,0,11,1,0,0,0,131,4,2,4,0,40,0,0,1,0,4,1439,6,108,0,408,36,0,1,0,11,8,7,0,0,0,20,0,0,0,0,1,0,0,0,36,0,0,0
"F-058-C1A",5,0,0,0,647,0,0,16,49,44,2,1,0,0,0,0,0,0,3,3,0,0,0,9,0,0,0,6,8,0,0,0,114,7,6,12,0,11,0,0,9,32,0,186,5,45,0,5,32,0,12,0,3,1,2,0,6,0,0,0,0,0,0,0,7,13,0,0,0,0,0
"F-048-C1A",156,0,0,4,419,46,0,6,47,0,0,0,0,0,0,0,0,0,1,52,0,0,0,0,0,0,0,7,8,0,0,0,167,86,4,15,0,157,1,0,9,0,0,1048,8,49,0,4,26,0,6,0,1,0,6,0,0,0,16,0,0,0,0,1,224,0,0,33,10,0,1
"F063-C1U",0,0,0,0,821,142,0,9,31,0,4,0,0,0,0,0,0,0,3,29,0,0,0,1,0,0,0,5,16,1,0,0,251,198,5,4,0,205,2,1,3,4,0,132,12,12,5,26,1,0,45,0,0,1,37,0,33,0,0,0,0,0,0,8,0,0,0,0,0,1,0
"F-029C1A",22,0,0,0,2674,0,5,11,75,0,0,0,0,1,0,0,0,1,6,1,0,0,0,0,0,0,0,36,13,1,0,0,75,2,9,8,0,4,0,0,1,0,0,466,1,16,0,70,63,0,9,1,0,1,2,0,0,0,2,0,0,0,0,5,0,0,0,0,0,0,19
"A11",17,0,0,1,65,0,0,0,12,0,0,0,0,0,0,1,0,0,7,0,0,0,0,5,0,0,1,20,1,2,0,0,282,0,0,1,0,13,10,0,2,1,0,27,2,1,0,0,1,0,8,0,0,0,0,0,0,0,0,0,0,0,0,0,0,0,0,0,0,0,29
"A14",11,0,0,1,265,31,0,0,23,0,0,0,0,0,0,0,2,0,0,0,0,0,0,2,1,0,0,1,5,0,0,0,46,0,44,0,0,87,0,0,3,4,0,196,10,53,7,12,6,0,6,0,3,1,0,0,0,0,57,0,0,0,0,6,0,0,0,0,0,0,0
"F-054-C2U",25,0,0,1,1531,16,0,0,38,0,0,0,0,0,0,0,4,4,1,19,0,0,0,0,0,0,0,18,8,1,0,0,199,32,4,4,0,50,0,0,11,43,0,306,6,7,0,80,6,0,5,0,0,0,0,0,0,0,24,0,0,0,0,39,0,0,0,0,1,1,0
"F-004C2U",1,0,0,0,1807,0,0,0,198,0,0,0,0,0,0,0,0,0,4,4,0,0,0,0,0,0,0,29,71,4,0,0,120,1,7,2,0,6,6,0,1,15,0,564,133,33,12,0,0,0,1,0,1,5,0,0,5,0,0,0,0,0,0,0,6,0,0,0,0,0,178
"N20",4,1,0,2,167,35,0,26,0,0,0,1,1,0,0,0,0,0,1,0,0,0,0,2,0,0,1,46,0,3,0,0,53,1,0,0,1,0,0,1,3,9,0,154,1,51,2,175,12,0,14,0,7,3,0,0,0,0,15,0,0,0,0,0,8,0,0,0,0,0,14
"N16",2,0,0,1,692,0,0,1,159,0,0,0,1,0,0,0,0,0,5,0,0,0,0,1,0,1,0,0,12,7,0,0,74,0,40,0,0,42,0,1,0,2,0,171,9,37,1,33,4,0,1,0,3,2,8,0,0,0,5,0,0,0,0,1,0,0,0,0,0,0,5
"F-045-C1A",18,0,0,0,3163,0,0,9,112,0,0,0,0,0,0,0,0,6,0,1,0,0,0,0,0,0,0,37,7,0,0,0,182,13,6,11,0,19,0,0,3,0,0,408,0,18,0,0,10,0,6,0,3,2,4,0,100,0,0,0,0,0,0,0,56,0,0,0,0,1,0
"N08",1,0,0,0,175,0,0,0,21,5,0,0,0,0,0,0,0,0,0,0,0,0,0,1,0,0,0,0,0,1,4,0,19,0,0,0,0,0,0,3,2,0,0,153,1,69,0,1,2,0,1,0,1,0,0,0,0,0,0,0,0,0,0,0,2,2,0,0,0,0,1
"F-036-C1A",0,0,0,0,2256,24,5,0,10,0,0,0,0,0,1,0,0,2,16,30,0,0,0,0,0,0,0,73,12,0,0,0,140,172,14,7,0,203,0,0,0,0,0,142,0,13,0,53,16,0,6,0,0,1,41,0,0,0,14,2,0,4,0,21,0,0,0,0,0,15,0
"F-050-C1A",5,0,0,0,322,0,0,0,413,0,0,0,0,0,0,0,0,0,0,0,0,0,0,10,0,0,0,113,15,1,0,0,205,78,45,29,0,24,0,1,6,3,0,263,5,79,5,75,9,0,0,1,0,1,0,0,0,0,16,0,0,0,0,11,0,0,0,0,0,0,3
"F-007C1A",0,0,0,0,640,0,0,8,36,0,0,0,0,0,0,0,1,0,3,23,0,1,0,4,0,0,0,22,1,0,0,0,63,1,4,1,0,263,5,0,3,16,5,210,26,42,3,67,0,0,6,0,1,1,26,0,0,0,26,2,0,0,0,0,0,1,1,0,1,0,1
"F-024C2U",43,0,0,0,1329,0,0,0,104,0,0,0,0,0,0,0,0,0,24,335,0,0,0,0,0,0,0,49,22,0,0,0,259,149,83,4,0,417,0,0,7,0,0,367,6,6,1,2,1,0,25,0,7,7,2,0,0,0,1,11,0,0,0,0,73,0,0,0,0,2,1
"F-009C1A",25,0,0,0,1366,0,0,4,51,0,1,0,0,0,0,0,0,2,14,6,0,0,0,0,1,0,0,2,1,0,0,0,56,11,11,1,0,256,3,0,7,4,0,199,18,0,0,172,1,0,0,0,1,1,3,0,0,0,1,0,0,0,0,8,0,0,0,0,0,1,0
"F-021C1A",1,0,0,0,1961,1,0,0,1,0,0,0,0,1,0,0,0,5,12,7,0,0,0,4,0,0,0,1,8,5,0,0,306,414,4,2,0,182,2,0,3,7,0,855,6,70,0,81,32,0,57,1,1,29,15,0,0,0,27,0,0,0,0,12,0,0,0,0,0,0,0
"F066-C1A",11,0,0,0,224,41,4,0,60,11,0,0,0,0,0,0,0,0,0,4,0,0,0,1,0,0,0,5,5,0,3,0,72,5,1,3,0,168,8,0,1,22,0,88,7,283,0,83,24,0,3,0,1,6,5,21,0,0,113,0,0,0,0,1,5,25,0,0,0,0,4
"N11",68,1,2,5,69,0,0,0,0,0,0,2,1,1,0,1,0,1,1,0,0,0,0,0,0,0,1,0,21,0,0,0,159,0,70,1,0,137,3,0,0,87,0,34,5,19,1,1,4,0,16,14,4,8,0,0,0,0,4,0,0,0,0,0,0,0,0,0,0,0,9
"F-012C1A",1,0,0,1,585,20,0,3,13,0,4,0,0,0,0,0,0,0,3,31,0,0,0,4,0,0,0,6,1,1,0,0,175,31,1,7,0,77,0,0,1,3,0,98,0,89,0,14,14,0,3,0,1,0,0,0,40,0,27,0,0,0,0,4,0,0,0,0,2,0,0
"F-025C1A",20,0,0,0,973,0,0,0,75,0,1,0,0,0,0,0,0,0,36,21,1,0,11,1,0,0,0,70,39,0,0,0,329,7,63,13,4,46,2,0,6,4,0,254,20,19,0,70,12,0,5,0,7,21,10,0,3,0,4,4,0,0,0,67,0,0,16,0,1,1,0
"F-020C1A",25,0,0,0,1391,1,0,0,2,0,0,0,0,0,0,0,0,4,70,0,0,0,0,0,0,0,0,240,15,0,0,0,294,3,275,24,0,95,0,0,10,5,0,154,14,11,3,0,10,0,7,9,10,3,1,0,0,0,13,0,0,0,0,110,1,0,0,0,0,0,0
"F-042-C2U",27,0,0,11,738,44,0,7,280,0,0,0,0,0,0,0,0,0,5,94,0,0,0,0,0,0,0,20,15,0,0,0,294,34,4,8,0,31,1,0,9,0,0,223,0,20,0,20,9,0,13,0,0,0,2,0,2,0,12,0,0,0,0,69,0,0,0,0,0,2,4
"F-034C1A",75,0,0,0,71,180,0,58,0,0,3,0,0,0,0,0,0,2,7,14,0,1,0,4,0,1,0,41,8,0,0,0,45,1,22,4,0,1433,8,1,0,10,0,15,20,79,0,242,44,0,14,0,21,5,19,56,1,8,0,0,0,0,0,15,0,0,0,0,0,0,0
"A01",56,0,0,0,176,0,0,0,10,0,0,0,0,1,5,0,11,0,21,0,0,0,0,4,0,0,1,105,10,0,0,0,17,0,0,0,0,314,0,1,8,1,0,242,4,2,1,50,17,0,25,1,0,1,89,0,0,0,31,3,0,0,0,119,0,0,0,0,0,6,1
"N15",1,0,0,0,292,0,0,0,26,133,190,0,0,0,0,0,0,0,1,0,0,0,0,1,0,0,1,0,0,4,0,0,39,17,0,0,0,0,0,0,1,2,0,540,7,13,1,0,8,0,0,0,0,0,0,0,0,0,33,0,0,0,0,0,40,3,0,0,0,0,3
"F-033C1A",38,0,0,0,1185,0,10,3,35,0,0,0,0,0,0,0,0,0,1,106,0,0,0,0,0,0,0,4,2,0,0,0,47,182,1,44,0,122,0,0,6,5,0,199,16,32,5,21,29,0,97,3,0,1,129,0,23,0,83,0,0,0,0,0,128,0,0,0,0,0,83
"F-035-C1A",5,1,0,0,1406,4,11,6,17,0,0,5,0,0,0,0,0,0,10,2,0,1,0,4,1,1,0,98,17,1,0,0,559,56,15,5,0,166,0,0,5,4,0,669,23,41,10,165,0,0,124,0,4,9,13,1,92,0,2,0,0,0,0,0,5,0,0,0,0,0,3
"F-050-C2U",0,0,0,0,1,0,0,0,32,0,0,0,0,0,0,0,16,0,35,7,0,0,0,0,0,0,4,1425,39,0,0,0,81,252,0,57,0,293,17,0,4,0,0,0,64,32,1,0,0,0,90,3,89,6,117,0,0,0,3,12,0,0,0,1,0,0,3,0,21,20,0
"N07",9,0,0,0,64,5,0,1,16,0,52,0,0,1,0,0,0,0,1,0,0,0,0,0,0,0,1,0,5,0,0,0,27,0,0,0,0,0,0,1,1,12,0,50,2,50,4,12,2,217,0,0,0,2,0,0,142,0,0,0,0,0,0,0,203,0,0,0,0,0,0
"F-051-C2U",9,0,0,0,1330,4,4,0,1,0,0,0,0,0,0,0,0,0,6,4,0,0,0,0,0,0,0,15,10,0,0,0,135,144,95,20,0,258,0,0,1,0,0,638,0,12,0,25,1,0,20,0,36,0,15,0,7,0,0,2,0,0,0,0,47,0,0,0,3,4,0
"F-016C1A",0,0,0,0,2,0,0,0,18,7,0,0,0,0,0,0,0,0,5,1,0,0,0,1,0,0,0,1,9,0,0,0,199,120,37,2,0,0,0,0,0,28,1,178,1,559,0,7,18,0,9,0,0,6,0,0,31,0,0,1,0,0,0,0,4,0,0,0,0,0,12
"N17",1,0,0,0,391,1,0,1,11,0,0,0,0,0,0,0,0,0,0,78,0,1,0,1,0,0,0,1,5,3,0,0,18,0,0,0,1,13,3,4,0,9,0,110,2,242,2,1,6,0,5,0,3,2,9,0,0,0,0,0,0,0,0,2,0,8,0,0,0,0,1
"F-018C2U",18,0,0,0,4724,0,0,3,29,0,0,0,0,0,0,0,0,0,56,14,0,0,0,0,0,1,0,2,5,0,0,0,79,15,7,3,0,77,0,0,3,0,0,184,0,38,10,0,1,0,17,0,0,0,5,0,4,0,0,0,0,0,0,3,0,0,0,0,0,4,0
"N09",5,0,0,0,82,0,0,0,0,1,44,0,0,0,0,0,0,0,3,0,0,3,0,1,0,0,1,0,0,2,1,0,25,54,1,0,0,431,0,0,5,0,0,442,3,25,0,16,8,0,3,0,1,0,1,0,0,8,0,0,0,0,0,0,2,0,0,0,0,0,1
"F-046-C1A",11,0,0,33,238,0,0,14,82,9,87,0,38,0,0,0,0,0,5,13,0,0,0,4,0,0,0,3,2,0,0,0,51,14,1,3,0,459,2,0,3,0,0,113,7,634,5,5,20,0,10,0,0,0,60,0,7,0,106,0,0,0,4,1,16,10,0,0,0,0,0
"F-040-C1A",9,0,0,0,181,0,0,0,681,0,107,0,0,0,0,0,0,0,4,3,0,0,0,0,0,0,0,2,5,0,0,0,29,1,37,1,0,149,0,0,0,97,0,146,5,15,7,0,1,38,8,0,37,0,5,0,0,0,0,0,0,0,0,0,39,0,0,0,1,0,10
"F-030C2U",16,0,0,0,1902,0,0,10,25,0,0,1,0,0,0,0,0,3,36,14,0,0,0,0,1,0,0,998,38,4,0,0,135,2,94,1,0,327,16,0,4,0,0,79,6,16,9,0,10,0,94,0,4,5,0,0,7,0,1,0,0,0,0,2,1,0,3,0,0,0,0
"F-061-C1A",98,0,0,0,512,0,0,14,49,0,3,0,0,0,0,0,0,0,7,10,1,0,0,20,0,0,0,5,25,0,0,0,39,2,6,6,0,196,70,1,0,41,0,53,50,421,20,214,81,1,14,0,86,3,94,0,0,0,3,0,0,0,0,3,0,0,0,0,1,0,114
"F-058-C2U",0,0,0,1,313,0,0,14,59,0,0,0,0,0,0,0,1,1,11,3,0,0,0,0,0,0,0,7,17,1,0,0,128,92,1,16,0,39,1,0,24,23,0,416,9,31,1,28,21,0,4,1,3,4,8,0,8,0,0,0,0,0,0,4,24,0,0,0,1,3,0
"F-006C1A",9,0,0,9,105,32,0,14,58,0,0,0,0,0,0,0,0,0,21,2,0,0,0,4,0,0,0,48,4,0,0,0,61,1,68,3,0,28,5,0,1,9,0,91,12,37,1,165,11,0,3,3,4,0,2,0,7,0,1,0,0,0,0,2,4,0,0,0,1,0,12
"F-020C2U",1,0,0,0,46,0,0,6,33,0,0,0,0,0,0,0,0,0,3,1,0,1,0,0,0,0,0,1,151,4,0,0,313,1,1,1,0,0,4,0,0,5,0,1865,5,77,28,19,1,0,220,16,0,0,0,0,0,0,79,2,0,0,0,4,0,0,0,0,0,0,7
"F-013C1U",0,0,0,0,270,162,0,4,32,0,0,0,0,0,1,13,0,0,17,70,0,0,0,0,0,0,0,1,2,0,0,0,102,1,1,12,0,418,5,0,0,128,0,117,5,208,1,394,73,0,1,1,5,1,47,0,0,0,12,1,0,0,0,1,0,0,0,0,0,2,0
"F-002C2U",1,0,0,8,40,67,0,9,19,40,243,0,0,0,0,0,1,2,10,6,1,0,1,6,0,0,0,102,5,4,0,0,121,1,282,4,0,98,1,0,1,82,0,538,1,32,1,262,52,0,9,0,1,1,2,0,236,0,1,0,0,0,0,0,5,0,0,0,0,0,10
"A06",3,0,0,0,305,38,0,0,15,0,0,0,0,0,0,1,12,0,1,0,0,0,0,2,0,0,1,1,0,0,0,0,33,0,0,0,0,34,2,1,0,4,0,60,4,15,5,16,4,0,28,0,3,3,0,0,34,0,0,0,0,0,0,2,0,0,0,0,0,0,1
"F-014C1A",52,0,0,0,926,41,0,0,198,0,0,0,0,0,0,0,0,0,1,0,0,0,0,0,0,0,0,71,2,0,0,0,197,1,1,17,0,34,0,0,0,0,0,322,6,13,3,782,0,0,0,0,1,0,3,0,21,0,0,0,0,0,0,4,0,0,0,0,0,1,0
"F-052-C1U",0,0,0,0,2676,0,0,14,56,0,0,0,0,0,0,0,0,2,25,1,0,0,0,1,1,0,0,82,15,0,0,0,226,2,153,25,0,424,8,0,1,1,1,324,13,24,5,5,0,0,56,0,4,3,0,0,23,0,0,1,0,0,0,17,0,0,0,0,0,1,8
"N10",6,0,0,0,1,0,0,0,0,0,846,0,0,0,0,0,0,0,0,0,0,0,0,0,0,0,1,1,0,1,1,0,73,111,0,0,0,1,0,1,3,1,1,236,2,86,1,29,4,0,0,0,0,1,0,0,0,7,0,0,0,0,0,0,0,0,0,0,0,0,1
"F-008C1A",29,0,0,11,78,86,16,9,102,0,0,0,0,0,0,0,0,0,0,4,0,0,0,0,0,0,0,6,8,0,0,0,4,28,1,57,0,2,0,0,10,5,0,232,5,92,0,1,0,0,1,0,0,1,13,0,0,0,17,0,0,0,0,30,0,0,0,0,1,1,62
"F-046-C2U",7,0,0,0,3435,9,1,44,26,0,0,0,0,0,1,0,0,2,9,26,0,0,0,1,0,0,0,1,3,0,0,0,160,2,5,8,0,500,1,0,7,1,0,132,1,16,0,44,35,0,5,13,0,0,27,0,6,0,0,0,0,0,0,0,35,0,0,0,0,2,8
"A07",8,0,0,0,606,0,0,0,26,0,0,0,0,0,0,0,0,0,1,0,0,0,0,1,0,1,1,0,10,0,0,0,67,0,0,0,0,18,0,0,4,3,0,124,5,8,3,0,4,0,0,1,0,0,0,0,13,0,0,0,0,0,1,5,0,0,0,0,0,0,0
"F-028C2U",34,0,0,0,2349,0,0,55,5,0,18,0,0,0,0,0,0,3,6,2,0,1,0,11,0,1,0,1,11,12,0,0,27,1,11,1,0,147,25,0,0,18,0,78,12,62,0,79,9,0,35,0,9,3,3,0,0,0,8,0,0,0,0,0,0,0,0,0,0,0,0
"F-051-C1A",7,0,0,0,691,14,1,14,19,0,572,0,0,0,0,0,0,0,0,10,0,0,0,9,0,0,0,6,10,13,0,0,101,20,4,2,0,101,0,0,13,1,0,122,1,52,0,51,1,0,6,0,1,1,0,0,205,0,1,0,0,0,0,0,29,0,1,0,0,0,7
"F-055-C1U",13,0,0,0,1936,0,0,1,136,57,1060,0,0,0,0,0,11,5,6,0,0,0,0,0,0,0,0,14,16,7,1,0,67,1,2,1,0,51,0,0,1,0,0,24,0,8,0,0,1,181,1,0,33,0,5,0,9,0,1,0,0,0,0,1,99,0,0,0,0,0,0
"N01",1,0,0,0,311,0,9,1,34,6,1,0,0,0,0,0,0,0,0,0,0,0,0,0,0,0,1,0,0,2,0,0,45,1,0,0,0,1,0,1,3,1,0,383,1,54,1,8,3,0,0,0,0,0,0,0,0,0,35,0,0,0,0,0,10,8,0,0,0,0,5
"A04",2,0,0,0,280,8,0,8,21,0,24,0,0,0,0,0,0,0,0,0,0,0,0,1,0,0,1,1,1,3,0,0,22,33,0,0,0,0,0,0,7,3,0,134,1,170,2,68,2,0,1,0,0,1,0,0,0,0,22,0,0,0,0,8,0,2,0,0,0,0,2
"A12",1,0,0,4,152,0,0,0,13,0,0,0,0,0,1,0,0,0,1,0,0,0,0,3,0,0,0,31,49,0,0,2,94,16,60,0,1,121,3,2,5,38,0,57,5,3,1,246,24,0,15,0,6,3,9,0,0,0,19,0,0,0,0,0,0,0,0,0,1,0,55
"F-056-C1A",13,0,0,0,868,0,0,22,6,0,0,0,0,0,0,0,0,0,0,7,0,13,0,4,0,0,0,1,242,0,0,0,4,0,1,1,0,539,2,1,0,19,0,27,33,97,0,145,0,0,3,50,5,0,10,0,6,0,3,0,0,0,0,2,0,0,0,0,23,0,0
"F-049-C1U",7,0,0,0,103,0,1,23,87,19,57,0,0,0,0,0,6,0,1,5,0,0,0,7,0,0,0,12,9,5,5,0,69,22,4,5,0,106,0,0,0,21,0,302,0,102,0,29,1,275,1,0,186,0,26,0,0,1,0,0,0,0,0,5,16,0,1,0,15,0,0
